id,name,field_tag,content_category
1977vlog,1977vlog,Tin tức và Giải trí,Entertainment
22_22_l,Only❣️,Làm đẹp và chăm sóc cá nhân,Beauty & Personal Care
22_22_l,Only❣️,Sản phẩm chăm sóc cá nhân và làm đẹp khác,Beauty & Personal Care
22_22_l,Only❣️,Thực phẩm và Đồ uống,Food & Beverage
22_22_l,Only❣️,Tin tức và Giải trí,Entertainment
59.23,Lê Ngân,Chăm sóc da,Beauty & Personal Care
59.23,Lê Ngân,Làm đẹp và chăm sóc cá nhân,Beauty & Personal Care
59.23,Lê Ngân,May mặc & Phụ kiện,Fashion
59.23,Lê Ngân,Tin tức và Giải trí,Entertainment
60giay.com,60giay.com,Dịch vụ kinh doanh,Business & Finance
60giay.com,60giay.com,Làm đẹp và chăm sóc cá nhân,Beauty & Personal Care
60giay.com,60giay.com,Sản phẩm chăm sóc cá nhân và làm đẹp khác,Beauty & Personal Care
60giay.com,60giay.com,Thiết bị,Technology
__lyhan__,LYHAN,Tin tức và Giải trí,Entertainment
_clouddom,Mâyy ☁️,Làm đẹp và chăm sóc cá nhân,Beauty & Personal Care
_clouddom,Mâyy ☁️,May mặc & Phụ kiện,Fashion
_clouddom,Mâyy ☁️,Mỹ phẩm,Beauty & Personal Care
_clouddom,Mâyy ☁️,Thương mại điện tử (không dùng ứng dụng),Commerce & Review
_cogiaoduyen_,Cô giáo Duyên,Làm đẹp và chăm sóc cá nhân,Beauty & Personal Care
_cogiaoduyen_,Cô giáo Duyên,May mặc & Phụ kiện,Fashion
_cogiaoduyen_,Cô giáo Duyên,Quần áo nữ,Fashion
_cogiaoduyen_,Cô giáo Duyên,Sản phẩm gia dụng,Home & Living
_iamhuonggggg,_iamhuonggg🦋,Chăm sóc da,Beauty & Personal Care
_iamhuonggggg,_iamhuonggg🦋,Làm đẹp và chăm sóc cá nhân,Beauty & Personal Care
_iamhuonggggg,_iamhuonggg🦋,Thương mại điện tử (không dùng ứng dụng),Commerce & Review
_imngnn,Hoàng Ngân,Tin tức và Giải trí,Entertainment
_inlil,Chang Nguyễn -INLIL 💕,Làm đẹp và chăm sóc cá nhân,Beauty & Personal Care
_inlil,Chang Nguyễn -INLIL 💕,Mỹ phẩm,Beauty & Personal Care
_macuchoa_,Mạc Úc Hoa,Tin tức và Giải trí,Entertainment
_namnamnamm,NGÔI SAO PHƯƠNG NAMM,Mẹ & Bé,Family & Relationship
_namnamnamm,NGÔI SAO PHƯƠNG NAMM,Thương mại điện tử (không dùng ứng dụng),Commerce & Review
_namnamnamm,NGÔI SAO PHƯƠNG NAMM,Tin tức và Giải trí,Entertainment
_nhitg_,Nhi Tăng 💖,Làm đẹp và chăm sóc cá nhân,Beauty & Personal Care
_nhitg_,Nhi Tăng 💖,Sản phẩm chăm sóc cá nhân và làm đẹp khác,Beauty & Personal Care
_pham_bich_nga_,Chuyện Nhà Em Sóc 🐿️,Chăm sóc da,Beauty & Personal Care
_pham_bich_nga_,Chuyện Nhà Em Sóc 🐿️,Làm đẹp và chăm sóc cá nhân,Beauty & Personal Care
_pham_bich_nga_,Chuyện Nhà Em Sóc 🐿️,Sản phẩm gia dụng,Home & Living
_thanh_pha,Thanh Pha Music 🎧,Tin tức và Giải trí,Entertainment
_thanhthuy.hhvn_,Huỳnh Thanh Thủy,Sức khỏe,Sports & Fitness
_tiennghi06_,Hoàng Tiến Nghị🍀,Game,Gaming
_tradangditam,Bùi Thu Trà,Chăm sóc da,Beauty & Personal Care
_tradangditam,Bùi Thu Trà,Dịch vụ đời sống,Lifestyle
_tradangditam,Bùi Thu Trà,Làm đẹp và chăm sóc cá nhân,Beauty & Personal Care
_tradangditam,Bùi Thu Trà,Sức khỏe,Sports & Fitness
a.ninhh_,Ninh Anh Bùi,Làm đẹp và chăm sóc cá nhân,Beauty & Personal Care
a.ninhh_,Ninh Anh Bùi,Nước hoa,Beauty & Personal Care
a.ninhh_,Ninh Anh Bùi,Sản phẩm gia dụng,Home & Living
a.ninhh_,Ninh Anh Bùi,Thương mại điện tử (không dùng ứng dụng),Commerce & Review
actress.lanhuong,Lê Lý Lan Hương,Làm đẹp và chăm sóc cá nhân,Beauty & Personal Care
actress.lanhuong,Lê Lý Lan Hương,May mặc & Phụ kiện,Fashion
actress.lanhuong,Lê Lý Lan Hương,Mỹ phẩm,Beauty & Personal Care
actress.lanhuong,Lê Lý Lan Hương,Sức khỏe,Sports & Fitness
adinhsg,a Dinh,Tin tức và Giải trí,Entertainment
aifuongg,Ai Fuong,Chăm sóc da,Beauty & Personal Care
aifuongg,Ai Fuong,Làm đẹp và chăm sóc cá nhân,Beauty & Personal Care
aifuongg,Ai Fuong,Sản phẩm gia dụng,Home & Living
aifuongg,Ai Fuong,Thiết bị,Technology
aley.nguyenx,𝐀𝐋𝐞𝐲ᴮᵃᵉ🪷,Tin tức và Giải trí,Entertainment
alithucphuong,Ali Thục Phương,Mẹ & Bé,Family & Relationship
amon_912,Amon,Chăm sóc da,Beauty & Personal Care
amon_912,Amon,Công nghệ & Đồ điện tử,Technology
amon_912,Amon,Làm đẹp và chăm sóc cá nhân,Beauty & Personal Care
amon_912,Amon,Sức khỏe,Sports & Fitness
angelplay,Angel,Game,Gaming
anhmeotensau,Anh mèo tên Sâu,Làm đẹp và chăm sóc cá nhân,Beauty & Personal Care
anhmeotensau,Anh mèo tên Sâu,Sản phẩm chăm sóc cá nhân và làm đẹp khác,Beauty & Personal Care
anhmeotensau,Anh mèo tên Sâu,Thiết bị,Technology
anhmeotensau,Anh mèo tên Sâu,Thú cưng,Pets & Animals
anhmoney,Anh Money 💰,Game,Gaming
anhmoney,Anh Money 💰,Ứng dụng,Technology
anvuofficial,An Vũ,Tin tức và Giải trí,Entertainment
auaudouyin,Âu Âu - Review phim,Tin tức và Giải trí,Entertainment
babyiumii,Thích ăn cức Tuất 🍎,Chăm sóc da,Beauty & Personal Care
babyiumii,Thích ăn cức Tuất 🍎,Làm đẹp và chăm sóc cá nhân,Beauty & Personal Care
babykopohome,Babykopo home,Làm đẹp và chăm sóc cá nhân,Beauty & Personal Care
babykopohome,Babykopo home,Mẹ & Bé,Family & Relationship
babykopohome,Babykopo home,Sản phẩm chăm sóc cá nhân và làm đẹp khác,Beauty & Personal Care
babykopohome,Babykopo home,Thực phẩm và Đồ uống,Food & Beverage
bacgau1989,BÁC GẤU,Tin tức và Giải trí,Entertainment
backcumback,Bách Khỉ,Làm đẹp và chăm sóc cá nhân,Beauty & Personal Care
backcumback,Bách Khỉ,Sản phẩm chăm sóc cá nhân và làm đẹp khác,Beauty & Personal Care
backcumback,Bách Khỉ,Thương mại điện tử (không dùng ứng dụng),Commerce & Review
backcumback,Bách Khỉ,Thực phẩm và Đồ uống,Food & Beverage
bang.bang8.8,鹏鹏,Làm đẹp và chăm sóc cá nhân,Beauty & Personal Care
bang.bang8.8,鹏鹏,Mỹ phẩm,Beauty & Personal Care
bang.bang8.8,鹏鹏,Tin tức và Giải trí,Entertainment
banhbaomottrung,Bánh Bao 1 Trứng,Thực phẩm và Đồ uống,Food & Beverage
baokhuyensusan,Bảo Khuyên,Làm đẹp và chăm sóc cá nhân,Beauty & Personal Care
baokhuyensusan,Bảo Khuyên,May mặc & Phụ kiện,Fashion
baokhuyensusan,Bảo Khuyên,Mỹ phẩm,Beauty & Personal Care
batanvlog01,Bà Tân Vlogs,Thực phẩm và Đồ uống,Food & Beverage
be7cutequa,BÉ 7,Tin tức và Giải trí,Entertainment
be7cutequa,BÉ 7,Ứng dụng,Technology
beanknight.dance,PikaFamily🇻🇳,Chăm sóc da,Beauty & Personal Care
beanknight.dance,PikaFamily🇻🇳,Làm đẹp và chăm sóc cá nhân,Beauty & Personal Care
beanknight.dance,PikaFamily🇻🇳,Mẹ & Bé,Family & Relationship
beanknight.dance,PikaFamily🇻🇳,Thiết bị,Technology
beat_thegame,Beat the Game!,Game,Gaming
bedangbae,Bé Đăng 𐙚⋆°.⋆,Chăm sóc da,Beauty & Personal Care
bedangbae,Bé Đăng 𐙚⋆°.⋆,Làm đẹp và chăm sóc cá nhân,Beauty & Personal Care
bedangbae,Bé Đăng 𐙚⋆°.⋆,Thương mại điện tử (không dùng ứng dụng),Commerce & Review
bedangbae,Bé Đăng 𐙚⋆°.⋆,Tin tức và Giải trí,Entertainment
beduyzuize,Bé Duy,Làm đẹp và chăm sóc cá nhân,Beauty & Personal Care
beduyzuize,Bé Duy,Sản phẩm chăm sóc cá nhân và làm đẹp khác,Beauty & Personal Care
beduyzuize,Bé Duy,Sản phẩm gia dụng,Home & Living
beduyzuize,Bé Duy,Thương mại điện tử (không dùng ứng dụng),Commerce & Review
befansie,Fansie Family,Mẹ & Bé,Family & Relationship
befansie,Fansie Family,Thương mại điện tử (không dùng ứng dụng),Commerce & Review
befansie,Fansie Family,Ứng dụng,Technology
benvl97,🍀ᵜSưPℏụ✿,Game,Gaming
bep_nho_mymy,KÊNH CỦA MỸ,Sản phẩm gia dụng,Home & Living
bep_nho_mymy,KÊNH CỦA MỸ,Thiết bị,Technology
bep_nho_mymy,KÊNH CỦA MỸ,Thực phẩm và Đồ uống,Food & Beverage
beubebong,BỆU BÉ BỎNG,Thương mại điện tử (không dùng ứng dụng),Commerce & Review
bevanhcuteboy,Vanh học giỏi 🤓,Chăm sóc da,Beauty & Personal Care
bevanhcuteboy,Vanh học giỏi 🤓,Làm đẹp và chăm sóc cá nhân,Beauty & Personal Care
bevanhcuteboy,Vanh học giỏi 🤓,Sức khỏe,Sports & Fitness
bevanhcuteboy,Vanh học giỏi 🤓,Thương mại điện tử (không dùng ứng dụng),Commerce & Review
bhuyen_107,Khánh Huyền 🦊,Dưỡng tóc,Beauty & Personal Care
bhuyen_107,Khánh Huyền 🦊,Làm đẹp và chăm sóc cá nhân,Beauty & Personal Care
bichla_2k3,Bích Laa,Làm đẹp và chăm sóc cá nhân,Beauty & Personal Care
bichla_2k3,Bích Laa,Sản phẩm chăm sóc cá nhân và làm đẹp khác,Beauty & Personal Care
binbunne,Bin Bun Nè,Dịch vụ đời sống,Lifestyle
binbunne,Bin Bun Nè,Thương mại điện tử (không dùng ứng dụng),Commerce & Review
binbunne,Bin Bun Nè,Thực phẩm và Đồ uống,Food & Beverage
binchuot,Bin Chuột 🐹,Chăm sóc da,Beauty & Personal Care
binchuot,Bin Chuột 🐹,Làm đẹp và chăm sóc cá nhân,Beauty & Personal Care
binchuot,Bin Chuột 🐹,Sức khỏe,Sports & Fitness
binchuot,Bin Chuột 🐹,Ứng dụng,Technology
bingsu511,Đa tài thiểu nghệ 🌹,Tin tức và Giải trí,Entertainment
binyetne,Bin Yet yah o ho 🎧,Game,Gaming
binyetvlog,Bin Yet quãi đạn 📸,Chăm sóc da,Beauty & Personal Care
binyetvlog,Bin Yet quãi đạn 📸,Làm đẹp và chăm sóc cá nhân,Beauty & Personal Care
bnat99,Bạch Ngọc Anh Thư,Làm đẹp và chăm sóc cá nhân,Beauty & Personal Care
bnat99,Bạch Ngọc Anh Thư,May mặc & Phụ kiện,Fashion
bnat99,Bạch Ngọc Anh Thư,Mỹ phẩm,Beauty & Personal Care
bnat99,Bạch Ngọc Anh Thư,Thực phẩm và Đồ uống,Food & Beverage
bon.tq1,Bon đây nè,Thiết bị,Technology
bon.tq1,Bon đây nè,Thực phẩm và Đồ uống,Food & Beverage
bon.tq1,Bon đây nè,Ứng dụng,Technology
bongtim96,Bông Tím,Thương mại điện tử (không dùng ứng dụng),Commerce & Review
bongtim96,Bông Tím,Thực phẩm và Đồ uống,Food & Beverage
bongtim96,Bông Tím,Tin tức và Giải trí,Entertainment
bs_nguyentrungdao90,Bác Đạo Sản Hà Nội,Sức khỏe,Sports & Fitness
buddy_ltn,Là Tui Nè,Làm đẹp và chăm sóc cá nhân,Beauty & Personal Care
buddy_ltn,Là Tui Nè,Sản phẩm chăm sóc cá nhân và làm đẹp khác,Beauty & Personal Care
buddy_ltn,Là Tui Nè,Tin tức và Giải trí,Entertainment
buddy_ltn,Là Tui Nè,Ứng dụng,Technology
buihuan.official,Bùi Huấn,Dịch vụ kinh doanh,Business & Finance
buihuan.official,Bùi Huấn,Dịch vụ đời sống,Lifestyle
buihuan.official,Bùi Huấn,Thương mại điện tử (không dùng ứng dụng),Commerce & Review
bumoiangi,Bum ơi! Ăn gì?,Thực phẩm và Đồ uống,Food & Beverage
cahebietnhayy,Cá hề biết nhảy 🩵,Thương mại điện tử (không dùng ứng dụng),Commerce & Review
caonho,CÁO NHỎ,Thương mại điện tử (không dùng ứng dụng),Commerce & Review
caonho,CÁO NHỎ,Thực phẩm và Đồ uống,Food & Beverage
caonho,CÁO NHỎ,Tin tức và Giải trí,Entertainment
catbaby0,CatĐángYêu❀,Game,Gaming
cattia.ttv_,𝕮𝖆𝖙𝖙𝖎𝖆 ꨄ,Làm đẹp và chăm sóc cá nhân,Beauty & Personal Care
cattia.ttv_,𝕮𝖆𝖙𝖙𝖎𝖆 ꨄ,Mỹ phẩm,Beauty & Personal Care
cattia.ttv_,𝕮𝖆𝖙𝖙𝖎𝖆 ꨄ,Thương mại điện tử (không dùng ứng dụng),Commerce & Review
chandayroi,Yang hồ đã có chồng 👩‍🍼,Mẹ & Bé,Family & Relationship
chandayroi,Yang hồ đã có chồng 👩‍🍼,Sản phẩm gia dụng,Home & Living
chandayroi,Yang hồ đã có chồng 👩‍🍼,Thiết bị,Technology
chang0000,🔆Chany🔆,Tin tức và Giải trí,Entertainment
chang_shu_go,Chang Shu Gờ,Thiết bị,Technology
chang_shu_go,Chang Shu Gờ,Thương mại điện tử (không dùng ứng dụng),Commerce & Review
chang_shu_go,Chang Shu Gờ,Thực phẩm và Đồ uống,Food & Beverage
charminglae,cún iu ᶻ 𝘇 𐰁,Làm đẹp và chăm sóc cá nhân,Beauty & Personal Care
charminglae,cún iu ᶻ 𝘇 𐰁,May mặc & Phụ kiện,Fashion
charminglae,cún iu ᶻ 𝘇 𐰁,Mỹ phẩm,Beauty & Personal Care
charminglae,cún iu ᶻ 𝘇 𐰁,Ứng dụng,Technology
chau_muoi,Châu muối,May mặc & Phụ kiện,Fashion
chau_muoi,Châu muối,Thiết bị,Technology
chau_muoi,Châu muối,Thực phẩm và Đồ uống,Food & Beverage
chau_muoi,Châu muối,Trang phục và phụ kiện khác,Fashion
chaukhadi2107,Châu Khả Di,Cải tạo nhà cửa,Home & Living
chaukhadi2107,Châu Khả Di,Dịch vụ kinh doanh,Business & Finance
chaukhadi2107,Châu Khả Di,Thiết bị,Technology
chayxidach,Chây Xì Dách,Chăm sóc da,Beauty & Personal Care
chayxidach,Chây Xì Dách,Làm đẹp và chăm sóc cá nhân,Beauty & Personal Care
chayxidach,Chây Xì Dách,Tin tức và Giải trí,Entertainment
cheesememew,Chi Thối 🧀,Làm đẹp và chăm sóc cá nhân,Beauty & Personal Care
cheesememew,Chi Thối 🧀,Sản phẩm chăm sóc cá nhân và làm đẹp khác,Beauty & Personal Care
cheesememew,Chi Thối 🧀,Thực phẩm và Đồ uống,Food & Beverage
chengtom02,Cheng🦐,Chăm sóc da,Beauty & Personal Care
chengtom02,Cheng🦐,Làm đẹp và chăm sóc cá nhân,Beauty & Personal Care
chengtom02,Cheng🦐,Thực phẩm và Đồ uống,Food & Beverage
chengtom02,Cheng🦐,Tin tức và Giải trí,Entertainment
chicano.official,Chị Cano Official,Làm đẹp và chăm sóc cá nhân,Beauty & Personal Care
chicano.official,Chị Cano Official,Sản phẩm chăm sóc cá nhân và làm đẹp khác,Beauty & Personal Care
chicano.official,Chị Cano Official,Thực phẩm và Đồ uống,Food & Beverage
chicano.official,Chị Cano Official,Tin tức và Giải trí,Entertainment
chichilinh__,Chi Chi Linh☕️,Chăm sóc da,Beauty & Personal Care
chichilinh__,Chi Chi Linh☕️,Làm đẹp và chăm sóc cá nhân,Beauty & Personal Care
chichilinh__,Chi Chi Linh☕️,Thực phẩm và Đồ uống,Food & Beverage
chichilinh__,Chi Chi Linh☕️,Tin tức và Giải trí,Entertainment
chiendoo,Chiến Đỗ🔫,Tin tức và Giải trí,Entertainment
chikhang0311,Chí Khang,Làm đẹp và chăm sóc cá nhân,Beauty & Personal Care
chikhang0311,Chí Khang,Mẹ & Bé,Family & Relationship
chikhang0311,Chí Khang,Sản phẩm chăm sóc cá nhân và làm đẹp khác,Beauty & Personal Care
chikhang0311,Chí Khang,Tin tức và Giải trí,Entertainment
chipupu,Chi Pu,Làm đẹp và chăm sóc cá nhân,Beauty & Personal Care
chipupu,Chi Pu,Mỹ phẩm,Beauty & Personal Care
chipupu,Chi Pu,Thương mại điện tử (không dùng ứng dụng),Commerce & Review
chocotrucphuong,Choco Trúc Phương ✨,Chăm sóc da,Beauty & Personal Care
chocotrucphuong,Choco Trúc Phương ✨,Làm đẹp và chăm sóc cá nhân,Beauty & Personal Care
chou.iu,Chou.iu,May mặc & Phụ kiện,Fashion
chou.iu,Chou.iu,Thực phẩm và Đồ uống,Food & Beverage
chou.iu,Chou.iu,Tin tức và Giải trí,Entertainment
chou.iu,Chou.iu,Trang phục và phụ kiện khác,Fashion
chouchinchan,Chou Lười Makeup,Làm đẹp và chăm sóc cá nhân,Beauty & Personal Care
chouchinchan,Chou Lười Makeup,Mỹ phẩm,Beauty & Personal Care
chouchinchan,Chou Lười Makeup,Thiết bị,Technology
chouchinchan,Chou Lười Makeup,Thương mại điện tử (không dùng ứng dụng),Commerce & Review
chuchu0403,ChuChu,Tin tức và Giải trí,Entertainment
chumacthuyquynh,Chu Mạc Thuý Quỳnh,Làm đẹp và chăm sóc cá nhân,Beauty & Personal Care
chumacthuyquynh,Chu Mạc Thuý Quỳnh,May mặc & Phụ kiện,Fashion
chumacthuyquynh,Chu Mạc Thuý Quỳnh,Mỹ phẩm,Beauty & Personal Care
chumacthuyquynh,Chu Mạc Thuý Quỳnh,Ứng dụng,Technology
chunneh._,CHUN,Chăm sóc da,Beauty & Personal Care
chunneh._,CHUN,Làm đẹp và chăm sóc cá nhân,Beauty & Personal Care
chunneh._,CHUN,May mặc & Phụ kiện,Fashion
chunneh._,CHUN,Tin tức và Giải trí,Entertainment
chunpopofficial,Chun Pop,Game,Gaming
chuyennhachuoii,Uyên Bi,Làm đẹp và chăm sóc cá nhân,Beauty & Personal Care
chuyennhachuoii,Uyên Bi,Mẹ & Bé,Family & Relationship
chuyennhachuoii,Uyên Bi,Sản phẩm chăm sóc cá nhân và làm đẹp khác,Beauty & Personal Care
chuyennhachuoii,Uyên Bi,Sức khỏe,Sports & Fitness
cindymiicute,Cindy,Làm đẹp và chăm sóc cá nhân,Beauty & Personal Care
cindymiicute,Cindy,Sản phẩm chăm sóc cá nhân và làm đẹp khác,Beauty & Personal Care
cindymiicute,Cindy,Thương mại điện tử (không dùng ứng dụng),Commerce & Review
cindymiicute,Cindy,Tin tức và Giải trí,Entertainment
co.mon520y,Bé Mon TV 🇻🇳,Làm đẹp và chăm sóc cá nhân,Beauty & Personal Care
co.mon520y,Bé Mon TV 🇻🇳,Sản phẩm chăm sóc cá nhân và làm đẹp khác,Beauty & Personal Care
co.mon520y,Bé Mon TV 🇻🇳,Thiết bị,Technology
cogiaoletieulinh,Lê Tiêu Linh,Ứng dụng,Technology
congng.184,Nguyễn Thành Công,Dịch vụ kinh doanh,Business & Finance
coswithnavii,Navii Wibi,Tin tức và Giải trí,Entertainment
cothitv18,Cô Thi TV,Game,Gaming
cothitv18,Cô Thi TV,Làm đẹp và chăm sóc cá nhân,Beauty & Personal Care
cothitv18,Cô Thi TV,Sản phẩm chăm sóc cá nhân và làm đẹp khác,Beauty & Personal Care
cothitv18,Cô Thi TV,Ứng dụng,Technology
cothoaphuthuy,Cô Thoa Phù Thủy📚,Tin tức và Giải trí,Entertainment
cotien.tinker,Cô Tiên Tinker,Thương mại điện tử (không dùng ứng dụng),Commerce & Review
cu0ngca0,Cường Cao,Chăm sóc da,Beauty & Personal Care
cu0ngca0,Cường Cao,Game,Gaming
cu0ngca0,Cường Cao,Làm đẹp và chăm sóc cá nhân,Beauty & Personal Care
cu0ngca0,Cường Cao,Sức khỏe,Sports & Fitness
cungemdiannhe,Em ăn cơm chưa 🧑‍🍳,Thực phẩm và Đồ uống,Food & Beverage
cuongjin08,Cuong Jin,Sức khỏe,Sports & Fitness
d.dragon1712,elm zai chị Nguyệt.,Thực phẩm và Đồ uống,Food & Beverage
d.dragon1712,elm zai chị Nguyệt.,Tin tức và Giải trí,Entertainment
dablo_anhdung,DABLO Anh Dũng,Làm đẹp và chăm sóc cá nhân,Beauty & Personal Care
dablo_anhdung,DABLO Anh Dũng,Nước hoa,Beauty & Personal Care
dailyglow.cheese,Em Cheese,Thực phẩm và Đồ uống,Food & Beverage
damduc.review,DamDuc,Dịch vụ đời sống,Lifestyle
damduc.review,DamDuc,Làm đẹp và chăm sóc cá nhân,Beauty & Personal Care
damduc.review,DamDuc,Sản phẩm chăm sóc cá nhân và làm đẹp khác,Beauty & Personal Care
damduc.review,DamDuc,Sản phẩm gia dụng,Home & Living
dangbeo9,DANGBEOO 🇻🇳 IFBB PRO,Chăm sóc da,Beauty & Personal Care
dangbeo9,DANGBEOO 🇻🇳 IFBB PRO,Làm đẹp và chăm sóc cá nhân,Beauty & Personal Care
dangbeo9,DANGBEOO 🇻🇳 IFBB PRO,Sức khỏe,Sports & Fitness
dangbeo9,DANGBEOO 🇻🇳 IFBB PRO,Thể thao và Hoạt động ngoài trời,Sports & Fitness
daonguyenanh99,Đào Nguyễn Ánh 🎭,Chăm sóc da,Beauty & Personal Care
daonguyenanh99,Đào Nguyễn Ánh 🎭,Làm đẹp và chăm sóc cá nhân,Beauty & Personal Care
daonguyenanh99,Đào Nguyễn Ánh 🎭,Thương mại điện tử (không dùng ứng dụng),Commerce & Review
datdo0803,Đỗ Đạt,May mặc & Phụ kiện,Fashion
datdo0803,Đỗ Đạt,Thể thao và Hoạt động ngoài trời,Sports & Fitness
datdo0803,Đỗ Đạt,Thực phẩm và Đồ uống,Food & Beverage
datdo0803,Đỗ Đạt,Trang phục và phụ kiện khác,Fashion
davoslingo,Davo’s Lingo,Sản phẩm gia dụng,Home & Living
davoslingo,Davo’s Lingo,Thiết bị,Technology
denisdang,DENIS DANG,Tin tức và Giải trí,Entertainment
dicungphuc,Đi Cùng Phúc,Thực phẩm và Đồ uống,Food & Beverage
dicungphuc,Đi Cùng Phúc,Tin tức và Giải trí,Entertainment
dicungphuc,Đi Cùng Phúc,Ứng dụng,Technology
dinhtrangthao03,Đinh Trang Thảo,Chăm sóc da,Beauty & Personal Care
dinhtrangthao03,Đinh Trang Thảo,Làm đẹp và chăm sóc cá nhân,Beauty & Personal Care
dinhtrangthao03,Đinh Trang Thảo,May mặc & Phụ kiện,Fashion
dinhtrangthao03,Đinh Trang Thảo,Tin tức và Giải trí,Entertainment
dnm1025,Nhật Minh,Tin tức và Giải trí,Entertainment
dntminh,Vitamin Mèo,Sức khỏe,Sports & Fitness
dntminh,Vitamin Mèo,Thiết bị,Technology
dntminh,Vitamin Mèo,Thú cưng,Pets & Animals
doangiabao0304,Bảo đây nè,Chăm sóc da,Beauty & Personal Care
doangiabao0304,Bảo đây nè,Làm đẹp và chăm sóc cá nhân,Beauty & Personal Care
doangiabao0304,Bảo đây nè,Sản phẩm gia dụng,Home & Living
dong.thuydung,Đồng Thuỳ Dung,Làm đẹp và chăm sóc cá nhân,Beauty & Personal Care
dong.thuydung,Đồng Thuỳ Dung,Sản phẩm chăm sóc cá nhân và làm đẹp khác,Beauty & Personal Care
dong.thuydung,Đồng Thuỳ Dung,Tin tức và Giải trí,Entertainment
dorychang_03,ChangDory🐬,Dịch vụ kinh doanh,Business & Finance
dorychang_03,ChangDory🐬,Làm đẹp và chăm sóc cá nhân,Beauty & Personal Care
dorychang_03,ChangDory🐬,Mỹ phẩm,Beauty & Personal Care
dorychang_03,ChangDory🐬,Tin tức và Giải trí,Entertainment
doublechou.dc,Double Chou,Thực phẩm và Đồ uống,Food & Beverage
doublesunday,Duyên Trương,Làm đẹp và chăm sóc cá nhân,Beauty & Personal Care
doublesunday,Duyên Trương,May mặc & Phụ kiện,Fashion
doublesunday,Duyên Trương,Mỹ phẩm,Beauty & Personal Care
doublesunday,Duyên Trương,Sản phẩm gia dụng,Home & Living
dqamii,Quỳnh ami 🌸,Làm đẹp và chăm sóc cá nhân,Beauty & Personal Care
dqamii,Quỳnh ami 🌸,May mặc & Phụ kiện,Fashion
dqamii,Quỳnh ami 🌸,Mỹ phẩm,Beauty & Personal Care
dqamii,Quỳnh ami 🌸,Sức khỏe,Sports & Fitness
duc_quan04,Quân đồng(tiền),Chăm sóc miệng,Beauty & Personal Care
duc_quan04,Quân đồng(tiền),Dịch vụ kinh doanh,Business & Finance
duc_quan04,Quân đồng(tiền),Làm đẹp và chăm sóc cá nhân,Beauty & Personal Care
duc_quan04,Quân đồng(tiền),Thực phẩm và Đồ uống,Food & Beverage
ducanh94,ĐỨC ANH ⭐️,Làm đẹp và chăm sóc cá nhân,Beauty & Personal Care
ducanh94,ĐỨC ANH ⭐️,Sản phẩm chăm sóc cá nhân và làm đẹp khác,Beauty & Personal Care
ducanh94,ĐỨC ANH ⭐️,Tin tức và Giải trí,Entertainment
ducanh94,ĐỨC ANH ⭐️,Ứng dụng,Technology
duckoi2k,Đức_Kòi👾,Tin tức và Giải trí,Entertainment
duckoi2k,Đức_Kòi👾,Ứng dụng,Technology
ducthangds,Đức Thắng Ds,Tin tức và Giải trí,Entertainment
ducthangds,Đức Thắng Ds,Ứng dụng,Technology
ductung.official,Đức Tùng ( DT ),Chăm sóc da,Beauty & Personal Care
ductung.official,Đức Tùng ( DT ),Làm đẹp và chăm sóc cá nhân,Beauty & Personal Care
dukesodope,Người Việt gốc cây 🌲,Thể thao và Hoạt động ngoài trời,Sports & Fitness
dukesodope,Người Việt gốc cây 🌲,Ứng dụng,Technology
duksun___,Bé Mèo Nhỏ Mít Ướt,Chăm sóc da,Beauty & Personal Care
duksun___,Bé Mèo Nhỏ Mít Ướt,Làm đẹp và chăm sóc cá nhân,Beauty & Personal Care
duksun___,Bé Mèo Nhỏ Mít Ướt,May mặc & Phụ kiện,Fashion
duksun___,Bé Mèo Nhỏ Mít Ướt,Sức khỏe,Sports & Fitness
dullmis,Dullmis,Thực phẩm và Đồ uống,Food & Beverage
dumi0301,Dumi💎,Chăm sóc da,Beauty & Personal Care
dumi0301,Dumi💎,Làm đẹp và chăm sóc cá nhân,Beauty & Personal Care
dumi0301,Dumi💎,May mặc & Phụ kiện,Fashion
dumi0301,Dumi💎,Sức khỏe,Sports & Fitness
dundundiary,Nguyễn Phương Dung,Làm đẹp và chăm sóc cá nhân,Beauty & Personal Care
dundundiary,Nguyễn Phương Dung,Sản phẩm chăm sóc cá nhân và làm đẹp khác,Beauty & Personal Care
dundundiary,Nguyễn Phương Dung,Sức khỏe,Sports & Fitness
dundundiary,Nguyễn Phương Dung,Tin tức và Giải trí,Entertainment
dungdao2221,Dung Đào 🍑,Chăm sóc da,Beauty & Personal Care
dungdao2221,Dung Đào 🍑,Công nghệ & Đồ điện tử,Technology
dungdao2221,Dung Đào 🍑,Làm đẹp và chăm sóc cá nhân,Beauty & Personal Care
dungdao2221,Dung Đào 🍑,Thực phẩm và Đồ uống,Food & Beverage
duongduy0404,Dương Duy,Tin tức và Giải trí,Entertainment
duonghoangyen.official,Dương Hoàng Yến,Tin tức và Giải trí,Entertainment
duongph.m,Dương Phạm nè,Công nghệ & Đồ điện tử,Technology
duybestvo,duybest 🔥,Chăm sóc miệng,Beauty & Personal Care
duybestvo,duybest 🔥,Làm đẹp và chăm sóc cá nhân,Beauty & Personal Care
duybestvo,duybest 🔥,Thực phẩm và Đồ uống,Food & Beverage
duybestvo,duybest 🔥,Tin tức và Giải trí,Entertainment
duyen_158200,Rùa👅,Làm đẹp và chăm sóc cá nhân,Beauty & Personal Care
duyen_158200,Rùa👅,May mặc & Phụ kiện,Fashion
duyen_158200,Rùa👅,Sản phẩm chăm sóc cá nhân và làm đẹp khác,Beauty & Personal Care
duyen_158200,Rùa👅,Thương mại điện tử (không dùng ứng dụng),Commerce & Review
duyen_158200,Rùa👅,Trang phục và phụ kiện khác,Fashion
duyyy.real.channel,Ngô Đức Duy,Làm đẹp và chăm sóc cá nhân,Beauty & Personal Care
duyyy.real.channel,Ngô Đức Duy,Thiết bị,Technology
duyyy.real.channel,Ngô Đức Duy,Tin tức và Giải trí,Entertainment
duyyy.real.channel,Ngô Đức Duy,Tóc giả và tạo kiểu tóc,Beauty & Personal Care
dyn_83,su,May mặc & Phụ kiện,Fashion
dyn_83,su,Phụ kiện quần áo,Fashion
eatwpeach,Pít Ham Ăn,Thực phẩm và Đồ uống,Food & Beverage
eatwpeach,Pít Ham Ăn,Ứng dụng,Technology
ellizabethvn,ElizabethVN,Cải tạo nhà cửa,Home & Living
ellizabethvn,ElizabethVN,Làm đẹp và chăm sóc cá nhân,Beauty & Personal Care
ellizabethvn,ElizabethVN,Sản phẩm chăm sóc cá nhân và làm đẹp khác,Beauty & Personal Care
ellizabethvn,ElizabethVN,Thiết bị,Technology
embe1m59,Phương Võ,Chăm sóc da,Beauty & Personal Care
embe1m59,Phương Võ,Làm đẹp và chăm sóc cá nhân,Beauty & Personal Care
embe1m59,Phương Võ,May mặc & Phụ kiện,Fashion
embe1m59,Phương Võ,Thương mại điện tử (không dùng ứng dụng),Commerce & Review
embelinhxinhh,embelinhxinhh,Chăm sóc da,Beauty & Personal Care
embelinhxinhh,embelinhxinhh,Làm đẹp và chăm sóc cá nhân,Beauty & Personal Care
embelinhxinhh,embelinhxinhh,May mặc & Phụ kiện,Fashion
embelinhxinhh,embelinhxinhh,Sức khỏe,Sports & Fitness
emma1010_official,Emma Nhất Khanh,Thương mại điện tử (không dùng ứng dụng),Commerce & Review
emma1010_official,Emma Nhất Khanh,Thực phẩm và Đồ uống,Food & Beverage
emma1010_official,Emma Nhất Khanh,Tin tức và Giải trí,Entertainment
emmersweet,Phương Phương 👩🏻‍🌾,Thực phẩm và Đồ uống,Food & Beverage
englishbyjay,English by Jay - Sprout,Giáo dục,Education & Science
englishbyjay,English by Jay - Sprout,Ứng dụng,Technology
fun.beeee,Funbeee,Chăm sóc da,Beauty & Personal Care
fun.beeee,Funbeee,Làm đẹp và chăm sóc cá nhân,Beauty & Personal Care
fun.beeee,Funbeee,May mặc & Phụ kiện,Fashion
fun.beeee,Funbeee,Thiết bị,Technology
gai.xinh.moi.ngay_2026,𝐆á𝐢 𝐗𝐢𝐧𝐡 𝐌ỗ𝐢 𝐍𝐠à𝐲 ✅,Tin tức và Giải trí,Entertainment
garancg,Gà Rán Chiên Giòn,Game,Gaming
giadinhtruyenhinh,Gia đình Truyền Hình,Làm đẹp và chăm sóc cá nhân,Beauty & Personal Care
giadinhtruyenhinh,Gia đình Truyền Hình,Sản phẩm chăm sóc cá nhân và làm đẹp khác,Beauty & Personal Care
giadinhtruyenhinh,Gia đình Truyền Hình,Sản phẩm gia dụng,Home & Living
giadinhtruyenhinh,Gia đình Truyền Hình,Tin tức và Giải trí,Entertainment
giadinhzozo,Zô Zô hello,Mẹ & Bé,Family & Relationship
giadinhzozo,Zô Zô hello,Thực phẩm và Đồ uống,Food & Beverage
giadinhzozo,Zô Zô hello,Tin tức và Giải trí,Entertainment
giaidieusaotruc,🎋爱竹笛 Đam Mê Sáo Trúc 🪈,Tin tức và Giải trí,Entertainment
giakutelove22,Mai Hoàng Gia,Thương mại điện tử (không dùng ứng dụng),Commerce & Review
giathilinh,Gia Thị Linh,Dưỡng tóc,Beauty & Personal Care
giathilinh,Gia Thị Linh,Làm đẹp và chăm sóc cá nhân,Beauty & Personal Care
giathilinh,Gia Thị Linh,May mặc & Phụ kiện,Fashion
giathilinh,Gia Thị Linh,Thương mại điện tử (không dùng ứng dụng),Commerce & Review
gnouh1905,Dinh Thu Huong,Làm đẹp và chăm sóc cá nhân,Beauty & Personal Care
gnouh1905,Dinh Thu Huong,May mặc & Phụ kiện,Fashion
gnouh1905,Dinh Thu Huong,Quần áo nữ,Fashion
gnouh1905,Dinh Thu Huong,Sức khỏe,Sports & Fitness
gonpinkk,Gon Pink,Chăm sóc da,Beauty & Personal Care
gonpinkk,Gon Pink,Làm đẹp và chăm sóc cá nhân,Beauty & Personal Care
gonpinkk,Gon Pink,May mặc & Phụ kiện,Fashion
gonpinkk,Gon Pink,Tin tức và Giải trí,Entertainment
hacookie__,✿ Hà Bánh Quy ✿,Chăm sóc da,Beauty & Personal Care
hacookie__,✿ Hà Bánh Quy ✿,Làm đẹp và chăm sóc cá nhân,Beauty & Personal Care
hacookie__,✿ Hà Bánh Quy ✿,Sức khỏe,Sports & Fitness
hacookie__,✿ Hà Bánh Quy ✿,Ứng dụng,Technology
haha_412,HAHA,Tin tức và Giải trí,Entertainment
haidangrevieww,Hải Đăng Review,Sức khỏe,Sports & Fitness
haidangrevieww,Hải Đăng Review,Thương mại điện tử (không dùng ứng dụng),Commerce & Review
haidangrevieww,Hải Đăng Review,Thực phẩm và Đồ uống,Food & Beverage
haiembelai,Ba Em Bé Lai 🇻🇳🇬🇧,Làm đẹp và chăm sóc cá nhân,Beauty & Personal Care
haiembelai,Ba Em Bé Lai 🇻🇳🇬🇧,Mẹ & Bé,Family & Relationship
haiembelai,Ba Em Bé Lai 🇻🇳🇬🇧,Sản phẩm chăm sóc cá nhân và làm đẹp khác,Beauty & Personal Care
haiembelai,Ba Em Bé Lai 🇻🇳🇬🇧,Sức khỏe,Sports & Fitness
haluatsu,Luật sư Hà🇻🇳,Dịch vụ kinh doanh,Business & Finance
hangtrinh.luna,Luna.,Làm đẹp và chăm sóc cá nhân,Beauty & Personal Care
hangtrinh.luna,Luna.,Sản phẩm chăm sóc cá nhân và làm đẹp khác,Beauty & Personal Care
hangtrinh.luna,Luna.,Sức khỏe,Sports & Fitness
hangtrinh.luna,Luna.,Thiết bị,Technology
hanh.ey,Hạnh Em Yêu,Chăm sóc da,Beauty & Personal Care
hanh.ey,Hạnh Em Yêu,Làm đẹp và chăm sóc cá nhân,Beauty & Personal Care
hanh.ey,Hạnh Em Yêu,Tin tức và Giải trí,Entertainment
hanoiangi,Hà Nội Ăn Gì ?,Thực phẩm và Đồ uống,Food & Beverage
hanoinews.theanh28,Hà Nội News,Làm đẹp và chăm sóc cá nhân,Beauty & Personal Care
hanoinews.theanh28,Hà Nội News,Sản phẩm gia dụng,Home & Living
hanoinews.theanh28,Hà Nội News,Thực phẩm và Đồ uống,Food & Beverage
hanoinews.theanh28,Hà Nội News,Tóc giả và tạo kiểu tóc,Beauty & Personal Care
harry.nista,Harry Nista,May mặc & Phụ kiện,Fashion
harry.nista,Harry Nista,Quần áo nữ,Fashion
harry.nista,Harry Nista,Thương mại điện tử (không dùng ứng dụng),Commerce & Review
harry.nista,Harry Nista,Ứng dụng,Technology
hcb_102,Hoàng CửuBảo - LãoCửu🫦,Dịch vụ đời sống,Lifestyle
hcb_102,Hoàng CửuBảo - LãoCửu🫦,Làm đẹp và chăm sóc cá nhân,Beauty & Personal Care
hcb_102,Hoàng CửuBảo - LãoCửu🫦,Sản phẩm chăm sóc cá nhân và làm đẹp khác,Beauty & Personal Care
heyiamlinda,Linda Ngo,Công nghệ & Đồ điện tử,Technology
heyiamlinda,Linda Ngo,Làm đẹp và chăm sóc cá nhân,Beauty & Personal Care
heyiamlinda,Linda Ngo,Sản phẩm chăm sóc cá nhân và làm đẹp khác,Beauty & Personal Care
heyiamlinda,Linda Ngo,Tin tức và Giải trí,Entertainment
hieutrung1996,🐭 Trung & Sen Đá 🐈,Thương mại điện tử (không dùng ứng dụng),Commerce & Review
hieutrung1996,🐭 Trung & Sen Đá 🐈,Thực phẩm và Đồ uống,Food & Beverage
himehien,Đỗ Hiền,Chăm sóc da,Beauty & Personal Care
himehien,Đỗ Hiền,Làm đẹp và chăm sóc cá nhân,Beauty & Personal Care
himxngot,✨ 𝐇 𝐈 𝐌 & 𝐍𝐠𝐨̣𝐭 ✨,Thực phẩm và Đồ uống,Food & Beverage
himxngot,✨ 𝐇 𝐈 𝐌 & 𝐍𝐠𝐨̣𝐭 ✨,Tin tức và Giải trí,Entertainment
hmeuu,Huyen Nguyen,May mặc & Phụ kiện,Fashion
hmeuu,Huyen Nguyen,Quần áo nữ,Fashion
hmeuu,Huyen Nguyen,Thiết bị,Technology
hmeuu,Huyen Nguyen,Thương mại điện tử (không dùng ứng dụng),Commerce & Review
hoaa.hanassii,Đào Lê Phương Hoa,May mặc & Phụ kiện,Fashion
hoaa.hanassii,Đào Lê Phương Hoa,Phụ kiện quần áo,Fashion
hoaa.hanassii,Đào Lê Phương Hoa,Thương mại điện tử (không dùng ứng dụng),Commerce & Review
hoaa.hanassii,Đào Lê Phương Hoa,Thực phẩm và Đồ uống,Food & Beverage
hoai_decor,Hoài Decor - Decor hệ Nghèo,Cải tạo nhà cửa,Home & Living
hoai_decor,Hoài Decor - Decor hệ Nghèo,May mặc & Phụ kiện,Fashion
hoai_decor,Hoài Decor - Decor hệ Nghèo,Phụ kiện quần áo,Fashion
hoai_decor,Hoài Decor - Decor hệ Nghèo,Sản phẩm gia dụng,Home & Living
hoailinh_206,Linh thỏ ♡ ̊ ✧,Ứng dụng,Technology
hoang.xuanhuong,HƯƠNG XUHI 🦋,Làm đẹp và chăm sóc cá nhân,Beauty & Personal Care
hoang.xuanhuong,HƯƠNG XUHI 🦋,May mặc & Phụ kiện,Fashion
hoang.xuanhuong,HƯƠNG XUHI 🦋,Sản phẩm chăm sóc cá nhân và làm đẹp khác,Beauty & Personal Care
hoang.xuanhuong,HƯƠNG XUHI 🦋,Tin tức và Giải trí,Entertainment
hoang.xuanhuong,HƯƠNG XUHI 🦋,Trang phục và phụ kiện khác,Fashion
hoanganhdeptrailam,Panda Chân Lý,May mặc & Phụ kiện,Fashion
hoanganhdeptrailam,Panda Chân Lý,Quần áo nữ,Fashion
hoanganhdeptrailam,Panda Chân Lý,Thực phẩm và Đồ uống,Food & Beverage
hoanganhpanda_,Hoàng Anh Panda,Thực phẩm và Đồ uống,Food & Beverage
hoanganhpanda_,Hoàng Anh Panda,Tin tức và Giải trí,Entertainment
hoanganhpanda_,Hoàng Anh Panda,Ứng dụng,Technology
hoanggiang_2018,Hèng Zeng 🐴,Chăm sóc da,Beauty & Personal Care
hoanggiang_2018,Hèng Zeng 🐴,Dịch vụ đời sống,Lifestyle
hoanggiang_2018,Hèng Zeng 🐴,Làm đẹp và chăm sóc cá nhân,Beauty & Personal Care
hoanggiang_2018,Hèng Zeng 🐴,Tin tức và Giải trí,Entertainment
hoanghieptiktok,Hoàng Hiệp Entertainment,Tin tức và Giải trí,Entertainment
hoangvinhhh,Nguyễn Hoàng Vinh,Tin tức và Giải trí,Entertainment
hoangyentp,Trần Phan Hoàng Yến,Dưỡng tóc,Beauty & Personal Care
hoangyentp,Trần Phan Hoàng Yến,Làm đẹp và chăm sóc cá nhân,Beauty & Personal Care
hoaphanspeed,HOA PHAN,Chăm sóc da,Beauty & Personal Care
hoaphanspeed,HOA PHAN,Làm đẹp và chăm sóc cá nhân,Beauty & Personal Care
hoaphanspeed,HOA PHAN,May mặc & Phụ kiện,Fashion
hoaphanspeed,HOA PHAN,Sức khỏe,Sports & Fitness
honghotkinhte,Hóng Hớt Kinh Tế,Tin tức và Giải trí,Entertainment
hongnhung020997,Hồng Nhung Trần,Chăm sóc da,Beauty & Personal Care
hongnhung020997,Hồng Nhung Trần,Làm đẹp và chăm sóc cá nhân,Beauty & Personal Care
hongnhung020997,Hồng Nhung Trần,Thiết bị,Technology
hongnhung020997,Hồng Nhung Trần,Tin tức và Giải trí,Entertainment
ht_cos123,HT COS,Tin tức và Giải trí,Entertainment
ht_cos123,HT COS,Ứng dụng,Technology
htchannel,Phạm Đức Hiển,Thực phẩm và Đồ uống,Food & Beverage
hthaoo.thanh3011,Thỏ,Làm đẹp và chăm sóc cá nhân,Beauty & Personal Care
hthaoo.thanh3011,Thỏ,Mỹ phẩm,Beauty & Personal Care
hthaoo.thanh3011,Thỏ,Tin tức và Giải trí,Entertainment
hthuu_chuahecaolanh,Hoài Thu🏀,Thiết bị,Technology
hung.rv,HÙNG RV,Công nghệ & Đồ điện tử,Technology
hung.rv,HÙNG RV,Cải tạo nhà cửa,Home & Living
hung.rv,HÙNG RV,Thiết bị,Technology
hungbavuatiente,Hùng Bá Vua Tiền Tệ,Dịch vụ tài chính,Business & Finance
hungbavuatiente,Hùng Bá Vua Tiền Tệ,Thương mại điện tử (không dùng ứng dụng),Commerce & Review
hungbavuatiente,Hùng Bá Vua Tiền Tệ,Tin tức và Giải trí,Entertainment
hungbduong,Nguyễn Quốc Hùng 🥷🏻🇻🇳,Sức khỏe,Sports & Fitness
hungbduong,Nguyễn Quốc Hùng 🥷🏻🇻🇳,Tin tức và Giải trí,Entertainment
hungcamdayne,Hùng Cam Đây Nè,Game,Gaming
hungdidu1907,Hùng Didu,Chăm sóc da,Beauty & Personal Care
hungdidu1907,Hùng Didu,Công nghệ & Đồ điện tử,Technology
hungdidu1907,Hùng Didu,Làm đẹp và chăm sóc cá nhân,Beauty & Personal Care
hungdidu1907,Hùng Didu,Tin tức và Giải trí,Entertainment
hungdongtinh,Hùng Đông Tinh,Dịch vụ đời sống,Lifestyle
hungdongtinh,Hùng Đông Tinh,Làm đẹp và chăm sóc cá nhân,Beauty & Personal Care
hungdongtinh,Hùng Đông Tinh,Tin tức và Giải trí,Entertainment
hungdongtinh,Hùng Đông Tinh,Tóc giả và tạo kiểu tóc,Beauty & Personal Care
hungrom97.official,Hùng Rơm,Chăm sóc da,Beauty & Personal Care
hungrom97.official,Hùng Rơm,Làm đẹp và chăm sóc cá nhân,Beauty & Personal Care
hungrom97.official,Hùng Rơm,Sản phẩm gia dụng,Home & Living
hungrom97.official,Hùng Rơm,Thể thao và Hoạt động ngoài trời,Sports & Fitness
huyenphi_97,Huyền Phi,Sức khỏe,Sports & Fitness
huyenphi_97,Huyền Phi,Thiết bị,Technology
huyenphi_97,Huyền Phi,Thực phẩm và Đồ uống,Food & Beverage
huynhnhy,Huỳnh Nhy,Làm đẹp và chăm sóc cá nhân,Beauty & Personal Care
huynhnhy,Huỳnh Nhy,May mặc & Phụ kiện,Fashion
huynhnhy,Huỳnh Nhy,Mỹ phẩm,Beauty & Personal Care
huynhnhy,Huỳnh Nhy,Ứng dụng,Technology
huypphung04_,Huy Tủi Trẻ,Chăm sóc da,Beauty & Personal Care
huypphung04_,Huy Tủi Trẻ,Làm đẹp và chăm sóc cá nhân,Beauty & Personal Care
huypphung04_,Huy Tủi Trẻ,Sức khỏe,Sports & Fitness
huypphung04_,Huy Tủi Trẻ,Thiết bị,Technology
huyseoul_idol,Oppa Huy IDol,Tin tức và Giải trí,Entertainment
hwang_mao,Mao Đại Nhân,Sản phẩm gia dụng,Home & Living
hwang_mao,Mao Đại Nhân,Thiết bị,Technology
hynee.cao,HYNEE Cao Thanh Huyền,Làm đẹp và chăm sóc cá nhân,Beauty & Personal Care
hynee.cao,HYNEE Cao Thanh Huyền,Sản phẩm chăm sóc cá nhân và làm đẹp khác,Beauty & Personal Care
iamsarajoe,sara joe,Làm đẹp và chăm sóc cá nhân,Beauty & Personal Care
iamsarajoe,sara joe,Mỹ phẩm,Beauty & Personal Care
ibcuathuan,THUAN,Công nghệ & Đồ điện tử,Technology
ibcuathuan,THUAN,Làm đẹp và chăm sóc cá nhân,Beauty & Personal Care
ibcuathuan,THUAN,Nước hoa,Beauty & Personal Care
ising52hz,52Hz,Làm đẹp và chăm sóc cá nhân,Beauty & Personal Care
ising52hz,52Hz,Nước hoa,Beauty & Personal Care
itsmaicorn,Mai Ngô,Công nghệ & Đồ điện tử,Technology
itsmaicorn,Mai Ngô,Dịch vụ đời sống,Lifestyle
itsmaicorn,Mai Ngô,Làm đẹp và chăm sóc cá nhân,Beauty & Personal Care
itsmaicorn,Mai Ngô,Sản phẩm chăm sóc cá nhân và làm đẹp khác,Beauty & Personal Care
itsmevinh,itsmevinh,Tin tức và Giải trí,Entertainment
iuoilaiu_000,Ridung.iuoilaiu,Chăm sóc da,Beauty & Personal Care
iuoilaiu_000,Ridung.iuoilaiu,Làm đẹp và chăm sóc cá nhân,Beauty & Personal Care
iuoilaiu_000,Ridung.iuoilaiu,Thương mại điện tử (không dùng ứng dụng),Commerce & Review
janenguyen2610,Jane Nguyen,Dịch vụ đời sống,Lifestyle
jessekeira,🇻🇳 Jesse & Keira 🇨🇳,Chăm sóc da,Beauty & Personal Care
jessekeira,🇻🇳 Jesse & Keira 🇨🇳,Làm đẹp và chăm sóc cá nhân,Beauty & Personal Care
jessekeira,🇻🇳 Jesse & Keira 🇨🇳,Thương mại điện tử (không dùng ứng dụng),Commerce & Review
jessekeira,🇻🇳 Jesse & Keira 🇨🇳,Tin tức và Giải trí,Entertainment
jinyin2021,Cô em thú dị,Tin tức và Giải trí,Entertainment
jjhahehi,Tama,Làm đẹp và chăm sóc cá nhân,Beauty & Personal Care
jjhahehi,Tama,May mặc & Phụ kiện,Fashion
jjhahehi,Tama,Mỹ phẩm,Beauty & Personal Care
jjhahehi,Tama,Tin tức và Giải trí,Entertainment
jolly011009,Thích ăn Jollibee,Làm đẹp và chăm sóc cá nhân,Beauty & Personal Care
jolly011009,Thích ăn Jollibee,Mỹ phẩm,Beauty & Personal Care
jolly011009,Thích ăn Jollibee,Thiết bị,Technology
jolly011009,Thích ăn Jollibee,Thương mại điện tử (không dùng ứng dụng),Commerce & Review
jsol.dreams,JSOL,Làm đẹp và chăm sóc cá nhân,Beauty & Personal Care
jsol.dreams,JSOL,Thương mại điện tử (không dùng ứng dụng),Commerce & Review
jsol.dreams,JSOL,Tin tức và Giải trí,Entertainment
jsol.dreams,JSOL,Tóc giả và tạo kiểu tóc,Beauty & Personal Care
jujubabi_,J U L I A,Tin tức và Giải trí,Entertainment
junpham2407,Jun Pham,Tin tức và Giải trí,Entertainment
k4tii_wxnt,kati aka GMMTV ♡,Chăm sóc da,Beauty & Personal Care
k4tii_wxnt,kati aka GMMTV ♡,Làm đẹp và chăm sóc cá nhân,Beauty & Personal Care
k4tii_wxnt,kati aka GMMTV ♡,May mặc & Phụ kiện,Fashion
k4tii_wxnt,kati aka GMMTV ♡,Sức khỏe,Sports & Fitness
kairontv.210,Kairon TV,Ứng dụng,Technology
kenhcuakiet,Kênh của Kiệt♛♛,Làm đẹp và chăm sóc cá nhân,Beauty & Personal Care
kenhcuakiet,Kênh của Kiệt♛♛,May mặc & Phụ kiện,Fashion
kenhcuakiet,Kênh của Kiệt♛♛,Sản phẩm chăm sóc cá nhân và làm đẹp khác,Beauty & Personal Care
kenhcuakiet,Kênh của Kiệt♛♛,Tin tức và Giải trí,Entertainment
kenhcuakiet,Kênh của Kiệt♛♛,Trang phục và phụ kiện khác,Fashion
kenjumboyofficial,kenjumboyofficial,Thực phẩm và Đồ uống,Food & Beverage
kenjumboyofficial,kenjumboyofficial,Tin tức và Giải trí,Entertainment
khaicakhia99,Khải Cà Khịa,Chăm sóc da,Beauty & Personal Care
khaicakhia99,Khải Cà Khịa,Dịch vụ đời sống,Lifestyle
khaicakhia99,Khải Cà Khịa,Làm đẹp và chăm sóc cá nhân,Beauty & Personal Care
khaicakhia99,Khải Cà Khịa,Tin tức và Giải trí,Entertainment
khangsaumui,Khang Sáu Múi,Làm đẹp và chăm sóc cá nhân,Beauty & Personal Care
khangsaumui,Khang Sáu Múi,Sản phẩm gia dụng,Home & Living
khangsaumui,Khang Sáu Múi,Thực phẩm và Đồ uống,Food & Beverage
khangsaumui,Khang Sáu Múi,Tóc giả và tạo kiểu tóc,Beauty & Personal Care
khanhdaymakeup,KHÁNH KHÁNH 🐢🐢🐢🐢,Làm đẹp và chăm sóc cá nhân,Beauty & Personal Care
khanhdaymakeup,KHÁNH KHÁNH 🐢🐢🐢🐢,May mặc & Phụ kiện,Fashion
khanhdaymakeup,KHÁNH KHÁNH 🐢🐢🐢🐢,Mỹ phẩm,Beauty & Personal Care
khanhdaymakeup,KHÁNH KHÁNH 🐢🐢🐢🐢,Tin tức và Giải trí,Entertainment
khanhvyccf,Khánh Vy Official,Công nghệ & Đồ điện tử,Technology
khanhvyccf,Khánh Vy Official,Thiết bị,Technology
khongphaibacsi,Không Phải Là Bác Sĩ,Giáo dục,Education & Science
khuamatvuong,Anh Mặt Vuông,Dịch vụ đời sống,Lifestyle
khuamatvuong,Anh Mặt Vuông,Làm đẹp và chăm sóc cá nhân,Beauty & Personal Care
khuamatvuong,Anh Mặt Vuông,Sản phẩm chăm sóc cá nhân và làm đẹp khác,Beauty & Personal Care
khuamatvuong,Anh Mặt Vuông,Tin tức và Giải trí,Entertainment
kim.minn,𝑲𝒊𝒎 𝑴𝒊𝒏𝒏🍒,Chăm sóc da,Beauty & Personal Care
kim.minn,𝑲𝒊𝒎 𝑴𝒊𝒏𝒏🍒,Làm đẹp và chăm sóc cá nhân,Beauty & Personal Care
kimhaunheii_,Kim Hấu 🍉,Chăm sóc da,Beauty & Personal Care
kimhaunheii_,Kim Hấu 🍉,Làm đẹp và chăm sóc cá nhân,Beauty & Personal Care
kittokatto2,Kitto Katto,Sức khỏe,Sports & Fitness
kittokatto2,Kitto Katto,Ứng dụng,Technology
krissngo99,Kriss Ngo,Tin tức và Giải trí,Entertainment
krissngo99,Kriss Ngo,Ứng dụng,Technology
kunethien,Kù Đổ Lì,Tin tức và Giải trí,Entertainment
lanvi_04,Nguyễn Thị Lan Vi,Làm đẹp và chăm sóc cá nhân,Beauty & Personal Care
lanvi_04,Nguyễn Thị Lan Vi,Mỹ phẩm,Beauty & Personal Care
lebaoofficial,Lê Bảo,Chăm sóc da,Beauty & Personal Care
lebaoofficial,Lê Bảo,Làm đẹp và chăm sóc cá nhân,Beauty & Personal Care
lebaoofficial,Lê Bảo,Thực phẩm và Đồ uống,Food & Beverage
lebaoofficial,Lê Bảo,Tin tức và Giải trí,Entertainment
leechieee,Chụp ảnh cùng Lê Chi,Làm đẹp và chăm sóc cá nhân,Beauty & Personal Care
leechieee,Chụp ảnh cùng Lê Chi,Thiết bị,Technology
leechieee,Chụp ảnh cùng Lê Chi,Tóc giả và tạo kiểu tóc,Beauty & Personal Care
leechieee,Chụp ảnh cùng Lê Chi,Ứng dụng,Technology
leledi04,Vợ Chồng Nhà Vịt 🐥,Làm đẹp và chăm sóc cá nhân,Beauty & Personal Care
leledi04,Vợ Chồng Nhà Vịt 🐥,Sản phẩm chăm sóc cá nhân và làm đẹp khác,Beauty & Personal Care
lelephomaiquee,Lùn mà cháy 🔥,Làm đẹp và chăm sóc cá nhân,Beauty & Personal Care
lelephomaiquee,Lùn mà cháy 🔥,May mặc & Phụ kiện,Fashion
lelephomaiquee,Lùn mà cháy 🔥,Mỹ phẩm,Beauty & Personal Care
lelephomaiquee,Lùn mà cháy 🔥,Ứng dụng,Technology
lethuthaocasy,Lê Thu Thảo,Tin tức và Giải trí,Entertainment
leviiii_13,Le Vi,Dưỡng tóc,Beauty & Personal Care
leviiii_13,Le Vi,Dịch vụ kinh doanh,Business & Finance
leviiii_13,Le Vi,Làm đẹp và chăm sóc cá nhân,Beauty & Personal Care
leviiii_13,Le Vi,Thiết bị,Technology
lhdieu,Lê Huyền Diệu,Chăm sóc da,Beauty & Personal Care
lhdieu,Lê Huyền Diệu,Làm đẹp và chăm sóc cá nhân,Beauty & Personal Care
lhdieu,Lê Huyền Diệu,May mặc & Phụ kiện,Fashion
lhdieu,Lê Huyền Diệu,Sức khỏe,Sports & Fitness
lienhuong2003,lienhuong2003,Chăm sóc da,Beauty & Personal Care
lienhuong2003,lienhuong2003,Làm đẹp và chăm sóc cá nhân,Beauty & Personal Care
lienhuong2003,lienhuong2003,Sức khỏe,Sports & Fitness
lienhuong2003,lienhuong2003,Tin tức và Giải trí,Entertainment
lienhuong212,Nguyễn Hương Liên,Chăm sóc da,Beauty & Personal Care
lienhuong212,Nguyễn Hương Liên,Làm đẹp và chăm sóc cá nhân,Beauty & Personal Care
lienhuong212,Nguyễn Hương Liên,Sức khỏe,Sports & Fitness
lienhuong212,Nguyễn Hương Liên,Tin tức và Giải trí,Entertainment
lilthuuu,lilthu,Làm đẹp và chăm sóc cá nhân,Beauty & Personal Care
lilthuuu,lilthu,Sản phẩm chăm sóc cá nhân và làm đẹp khác,Beauty & Personal Care
lilthuuu,lilthu,Thương mại điện tử (không dùng ứng dụng),Commerce & Review
lilthuuu,lilthu,Tin tức và Giải trí,Entertainment
lingg2809,Hà 💋,Chăm sóc da,Beauty & Personal Care
lingg2809,Hà 💋,Làm đẹp và chăm sóc cá nhân,Beauty & Personal Care
lingg2809,Hà 💋,Thực phẩm và Đồ uống,Food & Beverage
lingg2809,Hà 💋,Ứng dụng,Technology
lingvaduc,Ling và Đức,Chăm sóc da,Beauty & Personal Care
lingvaduc,Ling và Đức,Làm đẹp và chăm sóc cá nhân,Beauty & Personal Care
lingvaduc,Ling và Đức,Tin tức và Giải trí,Entertainment
linhbarbie,✨ Linh Barbie ✨,Chăm sóc da,Beauty & Personal Care
linhbarbie,✨ Linh Barbie ✨,Làm đẹp và chăm sóc cá nhân,Beauty & Personal Care
linhbarbie,✨ Linh Barbie ✨,Tin tức và Giải trí,Entertainment
linhleee_96,Linh Lee,Chăm sóc da,Beauty & Personal Care
linhleee_96,Linh Lee,Công nghệ & Đồ điện tử,Technology
linhleee_96,Linh Lee,Làm đẹp và chăm sóc cá nhân,Beauty & Personal Care
linhleee_96,Linh Lee,Mẹ & Bé,Family & Relationship
linhmy_060704,Linh My,Làm đẹp và chăm sóc cá nhân,Beauty & Personal Care
linhmy_060704,Linh My,Tóc giả và tạo kiểu tóc,Beauty & Personal Care
linkcua,Link Cua,Sức khỏe,Sports & Fitness
linkcua,Link Cua,Thương mại điện tử (không dùng ứng dụng),Commerce & Review
linkcua,Link Cua,Tin tức và Giải trí,Entertainment
littlequanzz,con Cò đây,Làm đẹp và chăm sóc cá nhân,Beauty & Personal Care
littlequanzz,con Cò đây,Sản phẩm chăm sóc cá nhân và làm đẹp khác,Beauty & Personal Care
littlequanzz,con Cò đây,Thương mại điện tử (không dùng ứng dụng),Commerce & Review
littlequanzz,con Cò đây,Ứng dụng,Technology
lnavna.wav,LENA LENA,Làm đẹp và chăm sóc cá nhân,Beauty & Personal Care
lnavna.wav,LENA LENA,Sản phẩm chăm sóc cá nhân và làm đẹp khác,Beauty & Personal Care
lockhin,Lộc Khìn Quảng Nam,Giáo dục,Education & Science
lockhin,Lộc Khìn Quảng Nam,Tin tức và Giải trí,Entertainment
longandaxua,Lê Long An,Làm đẹp và chăm sóc cá nhân,Beauty & Personal Care
longandaxua,Lê Long An,Nước hoa,Beauty & Personal Care
longandaxua,Lê Long An,Thiết bị,Technology
longandaxua,Lê Long An,Tin tức và Giải trí,Entertainment
longchunchun,Long Chun🎭,Làm đẹp và chăm sóc cá nhân,Beauty & Personal Care
longchunchun,Long Chun🎭,May mặc & Phụ kiện,Fashion
longchunchun,Long Chun🎭,Sản phẩm chăm sóc cá nhân và làm đẹp khác,Beauty & Personal Care
longchunchun,Long Chun🎭,Thiết bị,Technology
longchunchun,Long Chun🎭,Trang phục và phụ kiện khác,Fashion
lucienguyenlove,Lucie nguyen,Làm đẹp và chăm sóc cá nhân,Beauty & Personal Care
lucienguyenlove,Lucie nguyen,Sản phẩm chăm sóc cá nhân và làm đẹp khác,Beauty & Personal Care
lucienguyenlove,Lucie nguyen,Sức khỏe,Sports & Fitness
lucienguyenlove,Lucie nguyen,Tin tức và Giải trí,Entertainment
luongthingocha,𝐍𝐠𝐚̂𝐧 𝐇𝐚̀ 🍌,Chăm sóc da,Beauty & Personal Care
luongthingocha,𝐍𝐠𝐚̂𝐧 𝐇𝐚̀ 🍌,Làm đẹp và chăm sóc cá nhân,Beauty & Personal Care
luongthingocha,𝐍𝐠𝐚̂𝐧 𝐇𝐚̀ 🍌,Sản phẩm gia dụng,Home & Living
luongthingocha,𝐍𝐠𝐚̂𝐧 𝐇𝐚̀ 🍌,Thực phẩm và Đồ uống,Food & Beverage
luu_media,Lưu Minh Khương,Tin tức và Giải trí,Entertainment
luutrungtv,Lưu Trung TV 🦁,Tin tức và Giải trí,Entertainment
lykio.98,Lykio,Tin tức và Giải trí,Entertainment
lypham.2001,Ly Phạm,Công nghệ & Đồ điện tử,Technology
lypham.2001,Ly Phạm,Làm đẹp và chăm sóc cá nhân,Beauty & Personal Care
lypham.2001,Ly Phạm,Sản phẩm chăm sóc cá nhân và làm đẹp khác,Beauty & Personal Care
lypham.2001,Ly Phạm,Thương mại điện tử (không dùng ứng dụng),Commerce & Review
lytam2838,𝓟𝓪𝓼𝓽 𝓛𝓲𝓿𝓮𝓼,Tin tức và Giải trí,Entertainment
lythehuong,Hương Lý 🌸,Dưỡng tóc,Beauty & Personal Care
lythehuong,Hương Lý 🌸,Làm đẹp và chăm sóc cá nhân,Beauty & Personal Care
lythehuong,Hương Lý 🌸,Thực phẩm và Đồ uống,Food & Beverage
lyw_haly,Hà Lii🐝,Chăm sóc da,Beauty & Personal Care
lyw_haly,Hà Lii🐝,Làm đẹp và chăm sóc cá nhân,Beauty & Personal Care
lyw_haly,Hà Lii🐝,Thương mại điện tử (không dùng ứng dụng),Commerce & Review
maibao.vinh,Mai Bảo Vinh,Thực phẩm và Đồ uống,Food & Beverage
mailinhtinh,LINH MAI,Làm đẹp và chăm sóc cá nhân,Beauty & Personal Care
mailinhtinh,LINH MAI,Mỹ phẩm,Beauty & Personal Care
mailinhtinh,LINH MAI,Sức khỏe,Sports & Fitness
mailinhtinh,LINH MAI,Thực phẩm và Đồ uống,Food & Beverage
mamtv.13,🌺MắmTiZi🌺,Chăm sóc da,Beauty & Personal Care
mamtv.13,🌺MắmTiZi🌺,Làm đẹp và chăm sóc cá nhân,Beauty & Personal Care
mamtv.13,🌺MắmTiZi🌺,Sức khỏe,Sports & Fitness
mamtv.13,🌺MắmTiZi🌺,Tin tức và Giải trí,Entertainment
mamtv.31,MắmTiZii✨,Du lịch,Travel & Outdoor
mamtv.31,MắmTiZii✨,Tin tức và Giải trí,Entertainment
man.nhu,ᥫ᭡𝕸𝖆̂̃𝖓 𝕹𝖍𝖚🐯,Làm đẹp và chăm sóc cá nhân,Beauty & Personal Care
man.nhu,ᥫ᭡𝕸𝖆̂̃𝖓 𝕹𝖍𝖚🐯,Sản phẩm chăm sóc cá nhân và làm đẹp khác,Beauty & Personal Care
man.nhu,ᥫ᭡𝕸𝖆̂̃𝖓 𝕹𝖍𝖚🐯,Sản phẩm gia dụng,Home & Living
man.nhu,ᥫ᭡𝕸𝖆̂̃𝖓 𝕹𝖍𝖚🐯,Sức khỏe,Sports & Fitness
manhoangcao,Cao Hoàng Mẫn,Thực phẩm và Đồ uống,Food & Beverage
manhoangcao,Cao Hoàng Mẫn,Tin tức và Giải trí,Entertainment
maphayke,Nguyễn Kim- Mập Hay Kể,Sản phẩm gia dụng,Home & Living
maphayke,Nguyễn Kim- Mập Hay Kể,Sức khỏe,Sports & Fitness
matienanh03,Mã Tiến Anh,Làm đẹp và chăm sóc cá nhân,Beauty & Personal Care
matienanh03,Mã Tiến Anh,Sản phẩm chăm sóc cá nhân và làm đẹp khác,Beauty & Personal Care
matienanh03,Mã Tiến Anh,Tin tức và Giải trí,Entertainment
mc.hienvinh,Én Fitness,Công nghệ & Đồ điện tử,Technology
mc.hienvinh,Én Fitness,Dịch vụ đời sống,Lifestyle
mc.hienvinh,Én Fitness,May mặc & Phụ kiện,Fashion
mc.hienvinh,Én Fitness,Trang phục và phụ kiện khác,Fashion
mcdiutien_hotmom,MC DỊU TIÊN HOTMOM,Làm đẹp và chăm sóc cá nhân,Beauty & Personal Care
mcdiutien_hotmom,MC DỊU TIÊN HOTMOM,Mẹ & Bé,Family & Relationship
mcdiutien_hotmom,MC DỊU TIÊN HOTMOM,Sản phẩm chăm sóc cá nhân và làm đẹp khác,Beauty & Personal Care
mcdiutien_hotmom,MC DỊU TIÊN HOTMOM,Sản phẩm gia dụng,Home & Living
mchibi02,Nhật Minh,Game,Gaming
mchibi02,Nhật Minh,Làm đẹp và chăm sóc cá nhân,Beauty & Personal Care
mchibi02,Nhật Minh,Nước hoa,Beauty & Personal Care
mchibi02,Nhật Minh,Sức khỏe,Sports & Fitness
mehuonghuong,Mẹ Hương Hương,Cải tạo nhà cửa,Home & Living
mehuonghuong,Mẹ Hương Hương,Làm đẹp và chăm sóc cá nhân,Beauty & Personal Care
mehuonghuong,Mẹ Hương Hương,Sản phẩm chăm sóc cá nhân và làm đẹp khác,Beauty & Personal Care
mehuonghuong,Mẹ Hương Hương,Sản phẩm gia dụng,Home & Living
melon.228,Melon nè !,Chăm sóc da,Beauty & Personal Care
melon.228,Melon nè !,Làm đẹp và chăm sóc cá nhân,Beauty & Personal Care
melon.228,Melon nè !,May mặc & Phụ kiện,Fashion
melon.228,Melon nè !,Thực phẩm và Đồ uống,Food & Beverage
meootraidat,Mèo Trái Đất 🎀,Làm đẹp và chăm sóc cá nhân,Beauty & Personal Care
meootraidat,Mèo Trái Đất 🎀,May mặc & Phụ kiện,Fashion
meootraidat,Mèo Trái Đất 🎀,Sản phẩm chăm sóc cá nhân và làm đẹp khác,Beauty & Personal Care
meootraidat,Mèo Trái Đất 🎀,Thiết bị,Technology
meootraidat,Mèo Trái Đất 🎀,Trang phục và phụ kiện khác,Fashion
meosimmyyt,Mèo Simmy,Tin tức và Giải trí,Entertainment
meosimmyyt,Mèo Simmy,Ứng dụng,Technology
meous99,Mèo Us,Cải tạo nhà cửa,Home & Living
meous99,Mèo Us,Làm đẹp và chăm sóc cá nhân,Beauty & Personal Care
meous99,Mèo Us,Mỹ phẩm,Beauty & Personal Care
meous99,Mèo Us,Thực phẩm và Đồ uống,Food & Beverage
miainkorea,Mia In Korea,Mẹ & Bé,Family & Relationship
miainkorea,Mia In Korea,Thực phẩm và Đồ uống,Food & Beverage
michellelaix,Michelle Lai✨,Làm đẹp và chăm sóc cá nhân,Beauty & Personal Care
michellelaix,Michelle Lai✨,Sản phẩm chăm sóc cá nhân và làm đẹp khác,Beauty & Personal Care
michellelaix,Michelle Lai✨,Tin tức và Giải trí,Entertainment
michellelaix,Michelle Lai✨,Ứng dụng,Technology
mikeden,Mike Đen,Game,Gaming
mikeden,Mike Đen,Sản phẩm gia dụng,Home & Living
mikeden,Mike Đen,Ứng dụng,Technology
miloondiet,Milo On Diet,May mặc & Phụ kiện,Fashion
miloondiet,Milo On Diet,Sản phẩm gia dụng,Home & Living
miloondiet,Milo On Diet,Thực phẩm và Đồ uống,Food & Beverage
miloondiet,Milo On Diet,Trang phục và phụ kiện khác,Fashion
minh_minh_minh,MINHMINHMINH,Giáo dục,Education & Science
minh_minh_minh,MINHMINHMINH,Làm đẹp và chăm sóc cá nhân,Beauty & Personal Care
minh_minh_minh,MINHMINHMINH,Sản phẩm chăm sóc cá nhân và làm đẹp khác,Beauty & Personal Care
minh_minh_minh,MINHMINHMINH,Tin tức và Giải trí,Entertainment
minhnhatdz5402,David Minh Nhật,Chăm sóc da,Beauty & Personal Care
minhnhatdz5402,David Minh Nhật,Làm đẹp và chăm sóc cá nhân,Beauty & Personal Care
minhnhatdz5402,David Minh Nhật,May mặc & Phụ kiện,Fashion
minhnhatdz5402,David Minh Nhật,Thương mại điện tử (không dùng ứng dụng),Commerce & Review
minhreview99,Minh Review,Game,Gaming
minhtinhday,Minh Tinh Đây,Làm đẹp và chăm sóc cá nhân,Beauty & Personal Care
minhtinhday,Minh Tinh Đây,Mỹ phẩm,Beauty & Personal Care
minhtinhday,Minh Tinh Đây,Tin tức và Giải trí,Entertainment
minhtinhday,Minh Tinh Đây,Ứng dụng,Technology
minn.cookie,Minn Cookie,Thiết bị,Technology
minn.cookie,Minn Cookie,Thực phẩm và Đồ uống,Food & Beverage
minn.cookie,Minn Cookie,Tin tức và Giải trí,Entertainment
minnthule,Thư Lê,Làm đẹp và chăm sóc cá nhân,Beauty & Personal Care
minnthule,Thư Lê,Sản phẩm chăm sóc cá nhân và làm đẹp khác,Beauty & Personal Care
minnthule,Thư Lê,Ứng dụng,Technology
monmen9444,Chú Tư,Chăm sóc da,Beauty & Personal Care
monmen9444,Chú Tư,Làm đẹp và chăm sóc cá nhân,Beauty & Personal Care
monmen9444,Chú Tư,Mẹ & Bé,Family & Relationship
monmen9444,Chú Tư,Tin tức và Giải trí,Entertainment
monstarnicky,Nicky Nicko,Làm đẹp và chăm sóc cá nhân,Beauty & Personal Care
monstarnicky,Nicky Nicko,Nước hoa,Beauty & Personal Care
monstarnicky,Nicky Nicko,Thực phẩm và Đồ uống,Food & Beverage
mr.dat2k,Mr Đạt,May mặc & Phụ kiện,Fashion
mr.dat2k,Mr Đạt,Quần áo nam,Fashion
msquynhthie,Quỳnh Thi,Chăm sóc da,Beauty & Personal Care
msquynhthie,Quỳnh Thi,Làm đẹp và chăm sóc cá nhân,Beauty & Personal Care
musicdj2026,ᴍᴜsɪᴄ ᴅᴊ ²⁰²⁶,Công nghệ & Đồ điện tử,Technology
musicdj2026,ᴍᴜsɪᴄ ᴅᴊ ²⁰²⁶,Giày nữ,Fashion
musicdj2026,ᴍᴜsɪᴄ ᴅᴊ ²⁰²⁶,May mặc & Phụ kiện,Fashion
myumminess,Nguyễn Hồ Trà My,Làm đẹp và chăm sóc cá nhân,Beauty & Personal Care
myumminess,Nguyễn Hồ Trà My,Sản phẩm chăm sóc cá nhân và làm đẹp khác,Beauty & Personal Care
myumminess,Nguyễn Hồ Trà My,Thực phẩm và Đồ uống,Food & Beverage
myumminess,Nguyễn Hồ Trà My,Tin tức và Giải trí,Entertainment
n.huyen2k4,Huyềnn Bạchh Đâyyy🐰,Chăm sóc da,Beauty & Personal Care
n.huyen2k4,Huyềnn Bạchh Đâyyy🐰,Làm đẹp và chăm sóc cá nhân,Beauty & Personal Care
n.huyen2k4,Huyềnn Bạchh Đâyyy🐰,May mặc & Phụ kiện,Fashion
n.huyen2k4,Huyềnn Bạchh Đâyyy🐰,Sức khỏe,Sports & Fitness
naiverosieads,Hồng Ngốc Đây,Làm đẹp và chăm sóc cá nhân,Beauty & Personal Care
naiverosieads,Hồng Ngốc Đây,Sản phẩm chăm sóc cá nhân và làm đẹp khác,Beauty & Personal Care
naiverosieads,Hồng Ngốc Đây,Tin tức và Giải trí,Entertainment
nam_dep_trai_official,Nam Đẹp Trai,Chăm sóc da,Beauty & Personal Care
nam_dep_trai_official,Nam Đẹp Trai,Làm đẹp và chăm sóc cá nhân,Beauty & Personal Care
nam_dep_trai_official,Nam Đẹp Trai,May mặc & Phụ kiện,Fashion
nam_dep_trai_official,Nam Đẹp Trai,Thực phẩm và Đồ uống,Food & Beverage
namanhvt11,Cậu Bảy Quận 3 🦈,Dịch vụ kinh doanh,Business & Finance
namanhvt11,Cậu Bảy Quận 3 🦈,Tin tức và Giải trí,Entertainment
namanhvt11,Cậu Bảy Quận 3 🦈,Ứng dụng,Technology
namtrh,Nam Vlog,Thương mại điện tử (không dùng ứng dụng),Commerce & Review
namtrh,Nam Vlog,Thực phẩm và Đồ uống,Food & Beverage
namtrh,Nam Vlog,Tin tức và Giải trí,Entertainment
nanaxinhxan09,Nguyễn Phúc Kim Ngân,Tin tức và Giải trí,Entertainment
ndp_2002,Nguyễn Đan Phương🖤,Làm đẹp và chăm sóc cá nhân,Beauty & Personal Care
ndp_2002,Nguyễn Đan Phương🖤,Mỹ phẩm,Beauty & Personal Care
ndp_2002,Nguyễn Đan Phương🖤,Sức khỏe,Sports & Fitness
ndp_2002,Nguyễn Đan Phương🖤,Tin tức và Giải trí,Entertainment
neko.land23,Neko Lê 👑,Công nghệ & Đồ điện tử,Technology
neko.land23,Neko Lê 👑,Làm đẹp và chăm sóc cá nhân,Beauty & Personal Care
neko.land23,Neko Lê 👑,Mỹ phẩm,Beauty & Personal Care
neko.land23,Neko Lê 👑,Thương mại điện tử (không dùng ứng dụng),Commerce & Review
nemnotname231203,NEM PHẠM,Chăm sóc miệng,Beauty & Personal Care
nemnotname231203,NEM PHẠM,Làm đẹp và chăm sóc cá nhân,Beauty & Personal Care
ngachan2701,NgaChan Asmr,Chăm sóc da,Beauty & Personal Care
ngachan2701,NgaChan Asmr,Làm đẹp và chăm sóc cá nhân,Beauty & Personal Care
ngachan2701,NgaChan Asmr,Sản phẩm gia dụng,Home & Living
ngdiuthen,Công Chúa Đá,Chăm sóc da,Beauty & Personal Care
ngdiuthen,Công Chúa Đá,Làm đẹp và chăm sóc cá nhân,Beauty & Personal Care
ngdiuthen,Công Chúa Đá,May mặc & Phụ kiện,Fashion
ngdiuthen,Công Chúa Đá,Sức khỏe,Sports & Fitness
ngngocanh_98,Nguyễn Ngọc Ánh,Chăm sóc da,Beauty & Personal Care
ngngocanh_98,Nguyễn Ngọc Ánh,Làm đẹp và chăm sóc cá nhân,Beauty & Personal Care
ngoacshinh0411,Ngoác Shinh,Chăm sóc da,Beauty & Personal Care
ngoacshinh0411,Ngoác Shinh,Làm đẹp và chăm sóc cá nhân,Beauty & Personal Care
ngoacshinh0411,Ngoác Shinh,Thiết bị,Technology
ngoacshinh0411,Ngoác Shinh,Thực phẩm và Đồ uống,Food & Beverage
ngoanhtan1,Tấn Xa Nhà,Thực phẩm và Đồ uống,Food & Beverage
ngoanhtan1,Tấn Xa Nhà,Tin tức và Giải trí,Entertainment
ngobaonhixx,Ngọ Bảo Nhi,Dịch vụ đời sống,Lifestyle
ngobaonhixx,Ngọ Bảo Nhi,Làm đẹp và chăm sóc cá nhân,Beauty & Personal Care
ngobaonhixx,Ngọ Bảo Nhi,May mặc & Phụ kiện,Fashion
ngobaonhixx,Ngọ Bảo Nhi,Mỹ phẩm,Beauty & Personal Care
ngoc.eng,Ngọc Éng,Dịch vụ đời sống,Lifestyle
ngoc.eng,Ngọc Éng,Làm đẹp và chăm sóc cá nhân,Beauty & Personal Care
ngoc.eng,Ngọc Éng,Sản phẩm chăm sóc cá nhân và làm đẹp khác,Beauty & Personal Care
ngoc.eng,Ngọc Éng,Thực phẩm và Đồ uống,Food & Beverage
ngoc.matcha,Ngọc Matcha ☘️,Làm đẹp và chăm sóc cá nhân,Beauty & Personal Care
ngoc.matcha,Ngọc Matcha ☘️,May mặc & Phụ kiện,Fashion
ngoc.matcha,Ngọc Matcha ☘️,Mỹ phẩm,Beauty & Personal Care
ngoc.matcha,Ngọc Matcha ☘️,Tin tức và Giải trí,Entertainment
ngockemm,Ngọc Kem,Dịch vụ kinh doanh,Business & Finance
ngockemm,Ngọc Kem,Làm đẹp và chăm sóc cá nhân,Beauty & Personal Care
ngockemm,Ngọc Kem,Mỹ phẩm,Beauty & Personal Care
ngockemm,Ngọc Kem,Thương mại điện tử (không dùng ứng dụng),Commerce & Review
ngocly2608,Ly Sẩm,Làm đẹp và chăm sóc cá nhân,Beauty & Personal Care
ngocly2608,Ly Sẩm,Sản phẩm chăm sóc cá nhân và làm đẹp khác,Beauty & Personal Care
ngocly2608,Ly Sẩm,Thương mại điện tử (không dùng ứng dụng),Commerce & Review
ngocly2608,Ly Sẩm,Thực phẩm và Đồ uống,Food & Beverage
ngocthanh_90,Ngọc Thanh,Cải tạo nhà cửa,Home & Living
ngocthanh_90,Ngọc Thanh,Sản phẩm gia dụng,Home & Living
ngocthiepp,Ngọc Thiệp,Chăm sóc da,Beauty & Personal Care
ngocthiepp,Ngọc Thiệp,Làm đẹp và chăm sóc cá nhân,Beauty & Personal Care
ngocthiepp,Ngọc Thiệp,Tin tức và Giải trí,Entertainment
ngtrongtam,✨Trọng Tâm ✨,Sản phẩm gia dụng,Home & Living
ngtrongtam,✨Trọng Tâm ✨,Thú cưng,Pets & Animals
ngtrongtam,✨Trọng Tâm ✨,Thương mại điện tử (không dùng ứng dụng),Commerce & Review
ngulong.official,Ngự Long 🇻🇳,Tin tức và Giải trí,Entertainment
nguyenhimatto,Nguyên Hí Mắt To,Dịch vụ đời sống,Lifestyle
nguyenhimatto,Nguyên Hí Mắt To,Làm đẹp và chăm sóc cá nhân,Beauty & Personal Care
nguyenhimatto,Nguyên Hí Mắt To,Sản phẩm chăm sóc cá nhân và làm đẹp khác,Beauty & Personal Care
nguyenhimatto,Nguyên Hí Mắt To,Thực phẩm và Đồ uống,Food & Beverage
nguyenminhtranggg,Nguyen Minh Trang,Làm đẹp và chăm sóc cá nhân,Beauty & Personal Care
nguyenminhtranggg,Nguyen Minh Trang,Sản phẩm chăm sóc cá nhân và làm đẹp khác,Beauty & Personal Care
nguyenminhtranggg,Nguyen Minh Trang,Sản phẩm gia dụng,Home & Living
nguyenminhtranggg,Nguyen Minh Trang,Tin tức và Giải trí,Entertainment
ngvanhieu_,Xiang,Dịch vụ đời sống,Lifestyle
ngvanhieu_,Xiang,Làm đẹp và chăm sóc cá nhân,Beauty & Personal Care
ngvanhieu_,Xiang,May mặc & Phụ kiện,Fashion
ngvanhieu_,Xiang,Tóc giả và tạo kiểu tóc,Beauty & Personal Care
nhacnaynghelanghien.real,Nhạc Này Nghe Là Nghiện,Tin tức và Giải trí,Entertainment
nhathoanghon,Hoàng Hôn 💋,Chăm sóc da,Beauty & Personal Care
nhathoanghon,Hoàng Hôn 💋,Game,Gaming
nhathoanghon,Hoàng Hôn 💋,Làm đẹp và chăm sóc cá nhân,Beauty & Personal Care
nhathoanghon,Hoàng Hôn 💋,Thực phẩm và Đồ uống,Food & Beverage
nhatkira_family,Lê Minh Nhật,Mẹ & Bé,Family & Relationship
nhatkira_family,Lê Minh Nhật,Sức khỏe,Sports & Fitness
nhatkira_family,Lê Minh Nhật,Tin tức và Giải trí,Entertainment
nhatkycuameichan,meichannnnn,Chăm sóc da,Beauty & Personal Care
nhatkycuameichan,meichannnnn,Làm đẹp và chăm sóc cá nhân,Beauty & Personal Care
nhatkycuameichan,meichannnnn,Thực phẩm và Đồ uống,Food & Beverage
nhilawmm,Nhi Lâm,Chăm sóc da,Beauty & Personal Care
nhilawmm,Nhi Lâm,Làm đẹp và chăm sóc cá nhân,Beauty & Personal Care
nhilawmm,Nhi Lâm,May mặc & Phụ kiện,Fashion
nhilawmm,Nhi Lâm,Thiết bị,Technology
nhinhi_creepy,Yến Nhi,Sức khỏe,Sports & Fitness
nhinhi_creepy,Yến Nhi,Tin tức và Giải trí,Entertainment
nhut26march,Huỳnh Nhựt,Chăm sóc miệng,Beauty & Personal Care
nhut26march,Huỳnh Nhựt,Làm đẹp và chăm sóc cá nhân,Beauty & Personal Care
nhut26march,Huỳnh Nhựt,Thương mại điện tử (không dùng ứng dụng),Commerce & Review
nhut26march,Huỳnh Nhựt,Tin tức và Giải trí,Entertainment
nhyyng,Lý Nguyễn Nhi,Tin tức và Giải trí,Entertainment
nmtvlog99,NMT Vlog,Thực phẩm và Đồ uống,Food & Beverage
nmtvlog99,NMT Vlog,Tin tức và Giải trí,Entertainment
nuchuu.0401,Nuchuu nè✨💎,Thực phẩm và Đồ uống,Food & Beverage
nuchuu.0401,Nuchuu nè✨💎,Tin tức và Giải trí,Entertainment
omgngan59,Hello mấy má😏🖤,Làm đẹp và chăm sóc cá nhân,Beauty & Personal Care
omgngan59,Hello mấy má😏🖤,Mỹ phẩm,Beauty & Personal Care
omgngan59,Hello mấy má😏🖤,Thương mại điện tử (không dùng ứng dụng),Commerce & Review
omgngan59,Hello mấy má😏🖤,Tin tức và Giải trí,Entertainment
ongthibalong,Ông Thỉ Bà Long 🌚,Làm đẹp và chăm sóc cá nhân,Beauty & Personal Care
ongthibalong,Ông Thỉ Bà Long 🌚,Sản phẩm chăm sóc cá nhân và làm đẹp khác,Beauty & Personal Care
ongthibalong,Ông Thỉ Bà Long 🌚,Thương mại điện tử (không dùng ứng dụng),Commerce & Review
ongthibalong,Ông Thỉ Bà Long 🌚,Tin tức và Giải trí,Entertainment
panny_tran,Yphung Tran,Làm đẹp và chăm sóc cá nhân,Beauty & Personal Care
panny_tran,Yphung Tran,Sản phẩm chăm sóc cá nhân và làm đẹp khác,Beauty & Personal Care
panny_tran,Yphung Tran,Thực phẩm và Đồ uống,Food & Beverage
panny_tran,Yphung Tran,Tin tức và Giải trí,Entertainment
pet.pet.pet.pet.pet,Pet Pet Pet Pet Pet,Thú cưng,Pets & Animals
phamhieu9990,Bảo Đăng Phạm,Thực phẩm và Đồ uống,Food & Beverage
phamhieu9990,Bảo Đăng Phạm,Ứng dụng,Technology
phaminhiu,Hiếu Shyn,Chăm sóc da,Beauty & Personal Care
phaminhiu,Hiếu Shyn,Dịch vụ kinh doanh,Business & Finance
phaminhiu,Hiếu Shyn,Làm đẹp và chăm sóc cá nhân,Beauty & Personal Care
phaminhiu,Hiếu Shyn,Thương mại điện tử (không dùng ứng dụng),Commerce & Review
phammaihuong.pmh,Phạm Mai Hương,Giáo dục,Education & Science
phammaihuong.pmh,Phạm Mai Hương,Tin tức và Giải trí,Entertainment
phamvinh271099,Phạm Vinh,Làm đẹp và chăm sóc cá nhân,Beauty & Personal Care
phamvinh271099,Phạm Vinh,May mặc & Phụ kiện,Fashion
phamvinh271099,Phạm Vinh,Sản phẩm chăm sóc cá nhân và làm đẹp khác,Beauty & Personal Care
phamvinh271099,Phạm Vinh,Sản phẩm gia dụng,Home & Living
phamvinh271099,Phạm Vinh,Trang phục và phụ kiện khác,Fashion
phathungvlog,Lê Phát Hưng,Thương mại điện tử (không dùng ứng dụng),Commerce & Review
phathungvlog,Lê Phát Hưng,Thực phẩm và Đồ uống,Food & Beverage
phathungvlog,Lê Phát Hưng,Tin tức và Giải trí,Entertainment
phathuynhpham,Phát Huỳnh Phẩm,Làm đẹp và chăm sóc cá nhân,Beauty & Personal Care
phathuynhpham,Phát Huỳnh Phẩm,Nước hoa,Beauty & Personal Care
phatla,Phát La,Thực phẩm và Đồ uống,Food & Beverage
phatla,Phát La,Tin tức và Giải trí,Entertainment
phminhat,nhat pham,Làm đẹp và chăm sóc cá nhân,Beauty & Personal Care
phminhat,nhat pham,Mỹ phẩm,Beauty & Personal Care
phminhat,nhat pham,Sức khỏe,Sports & Fitness
phucbinhyenofficial,Phúc Bình Yên,Chăm sóc da,Beauty & Personal Care
phucbinhyenofficial,Phúc Bình Yên,Làm đẹp và chăm sóc cá nhân,Beauty & Personal Care
phucbinhyenofficial,Phúc Bình Yên,Sản phẩm gia dụng,Home & Living
phucsyno96,Phúc Syno,Thực phẩm và Đồ uống,Food & Beverage
phudb2003,Tường Hồng Phú,Tin tức và Giải trí,Entertainment
phunglai2222,🤡 𝓟𝓱𝓾̣𝓷𝓰 𝓛𝓪𝓲 🤡,Mẹ & Bé,Family & Relationship
phunglai2222,🤡 𝓟𝓱𝓾̣𝓷𝓰 𝓛𝓪𝓲 🤡,Thực phẩm và Đồ uống,Food & Beverage
phunglai2222,🤡 𝓟𝓱𝓾̣𝓷𝓰 𝓛𝓪𝓲 🤡,Tin tức và Giải trí,Entertainment
phuongmin_,🅟🅗🅤🅞🅝🅖 🅜🅘🅝,Mẹ & Bé,Family & Relationship
phuongmin_,🅟🅗🅤🅞🅝🅖 🅜🅘🅝,Thực phẩm và Đồ uống,Food & Beverage
phuongmin_,🅟🅗🅤🅞🅝🅖 🅜🅘🅝,Tin tức và Giải trí,Entertainment
phuongoanh.daily,phuongoanh.daily,May mặc & Phụ kiện,Fashion
phuongoanh.daily,phuongoanh.daily,Thiết bị,Technology
phuongoanh.daily,phuongoanh.daily,Thiết bị công nghệ đeo được,Technology
phuongoanh.daily,phuongoanh.daily,Thực phẩm và Đồ uống,Food & Beverage
playtogethervng.official,Play Together VNG,Game,Gaming
playtogethervng.official,Play Together VNG,Thương mại điện tử (không dùng ứng dụng),Commerce & Review
playtogethervng.official,Play Together VNG,Ứng dụng,Technology
po.trann77,Trần Thanh Tâm,Dịch vụ đời sống,Lifestyle
po.trann77,Trần Thanh Tâm,Làm đẹp và chăm sóc cá nhân,Beauty & Personal Care
po.trann77,Trần Thanh Tâm,Sản phẩm chăm sóc cá nhân và làm đẹp khác,Beauty & Personal Care
po.trann77,Trần Thanh Tâm,Thương mại điện tử (không dùng ứng dụng),Commerce & Review
pobimatacc,Pô,Dịch vụ đời sống,Lifestyle
pobimatacc,Pô,Làm đẹp và chăm sóc cá nhân,Beauty & Personal Care
pobimatacc,Pô,Mỹ phẩm,Beauty & Personal Care
pobimatacc,Pô,Ứng dụng,Technology
poppyyy0101,🐰 Poppy Nguyễn 🐰,Thương mại điện tử (không dùng ứng dụng),Commerce & Review
poppyyy0101,🐰 Poppy Nguyễn 🐰,Tin tức và Giải trí,Entertainment
promisdaxix,𝑷𝒓𝒐𝒎𝒊𝒔?,Tin tức và Giải trí,Entertainment
pthv5,🔮Tiểu Vyy🔮,Làm đẹp và chăm sóc cá nhân,Beauty & Personal Care
pthv5,🔮Tiểu Vyy🔮,Mỹ phẩm,Beauty & Personal Care
ptkt.ah1804,Kim Thoa,Chăm sóc da,Beauty & Personal Care
ptkt.ah1804,Kim Thoa,Làm đẹp và chăm sóc cá nhân,Beauty & Personal Care
ptkt.ah1804,Kim Thoa,Sức khỏe,Sports & Fitness
ptkt.ah1804,Kim Thoa,Tin tức và Giải trí,Entertainment
putaangi,Puuta Ăn Gì,Thương mại điện tử (không dùng ứng dụng),Commerce & Review
putaangi,Puuta Ăn Gì,Thực phẩm và Đồ uống,Food & Beverage
quangnham8,Quangnhảm,Làm đẹp và chăm sóc cá nhân,Beauty & Personal Care
quangnham8,Quangnhảm,Sản phẩm chăm sóc cá nhân và làm đẹp khác,Beauty & Personal Care
quely94,Cờ Ly,Chăm sóc da,Beauty & Personal Care
quely94,Cờ Ly,Làm đẹp và chăm sóc cá nhân,Beauty & Personal Care
quely94,Cờ Ly,Mẹ & Bé,Family & Relationship
quyennamstation,Quyen & Nam Station,Chăm sóc da,Beauty & Personal Care
quyennamstation,Quyen & Nam Station,Làm đẹp và chăm sóc cá nhân,Beauty & Personal Care
quyennamstation,Quyen & Nam Station,Thực phẩm và Đồ uống,Food & Beverage
quyennamstation,Quyen & Nam Station,Tin tức và Giải trí,Entertainment
quyensachnho,Quyển Sách Nhỏ,Công nghệ & Đồ điện tử,Technology
quyensachnho,Quyển Sách Nhỏ,Dịch vụ kinh doanh,Business & Finance
quynhalee,Quỳnh Alee,Chăm sóc da,Beauty & Personal Care
quynhalee,Quỳnh Alee,Làm đẹp và chăm sóc cá nhân,Beauty & Personal Care
quynhalee,Quỳnh Alee,Sức khỏe,Sports & Fitness
quynhalee,Quỳnh Alee,Thương mại điện tử (không dùng ứng dụng),Commerce & Review
quynhdao201,Đào Thị Quỳnh🍒,Làm đẹp và chăm sóc cá nhân,Beauty & Personal Care
quynhdao201,Đào Thị Quỳnh🍒,Mẹ & Bé,Family & Relationship
quynhdao201,Đào Thị Quỳnh🍒,Sản phẩm vệ sinh phụ nữ,Beauty & Personal Care
quynhdao201,Đào Thị Quỳnh🍒,Sức khỏe,Sports & Fitness
quynhgiao120786,KÌNH GIEO,Tin tức và Giải trí,Entertainment
quynhitraan,quynhitraan,Chăm sóc da,Beauty & Personal Care
quynhitraan,quynhitraan,Làm đẹp và chăm sóc cá nhân,Beauty & Personal Care
quynhitraan,quynhitraan,Sức khỏe,Sports & Fitness
quynhitraan,quynhitraan,Thương mại điện tử (không dùng ứng dụng),Commerce & Review
quynhsanhdieu,Quỳnh Sành Điệu 👻,Dịch vụ kinh doanh,Business & Finance
quynhsanhdieu,Quỳnh Sành Điệu 👻,Game,Gaming
quynhsanhdieu,Quỳnh Sành Điệu 👻,Thương mại điện tử (không dùng ứng dụng),Commerce & Review
rbyhaan,Tô Đát Kỷ,Làm đẹp và chăm sóc cá nhân,Beauty & Personal Care
rbyhaan,Tô Đát Kỷ,May mặc & Phụ kiện,Fashion
rbyhaan,Tô Đát Kỷ,Nước hoa,Beauty & Personal Care
reencyngo,Reency Ngô,Làm đẹp và chăm sóc cá nhân,Beauty & Personal Care
reencyngo,Reency Ngô,Sản phẩm chăm sóc cá nhân và làm đẹp khác,Beauty & Personal Care
reencyngo,Reency Ngô,Thương mại điện tử (không dùng ứng dụng),Commerce & Review
reencyngo,Reency Ngô,Tin tức và Giải trí,Entertainment
roomie.study,Roomie Study,Giáo dục,Education & Science
roomie.study,Roomie Study,Tin tức và Giải trí,Entertainment
rubygame167,Ruby Game,Tin tức và Giải trí,Entertainment
rufinoaybar,Rufino Aybar (Tây Ba Lô),Tin tức và Giải trí,Entertainment
saigon_xanh,Sài Gòn Xanh 🍀,Tin tức và Giải trí,Entertainment
sammy.becool,Sammy 🍆,Thương mại điện tử (không dùng ứng dụng),Commerce & Review
sammy.becool,Sammy 🍆,Thực phẩm và Đồ uống,Food & Beverage
sammy.becool,Sammy 🍆,Tin tức và Giải trí,Entertainment
sammy_dao222,Sammy Đào,Thương mại điện tử (không dùng ứng dụng),Commerce & Review
sau2_004,Sâu Hết Content 🐛,Làm đẹp và chăm sóc cá nhân,Beauty & Personal Care
sau2_004,Sâu Hết Content 🐛,Mỹ phẩm,Beauty & Personal Care
sau2_004,Sâu Hết Content 🐛,Tin tức và Giải trí,Entertainment
sayhitothew,Huyen Phuong Nguyen,Làm đẹp và chăm sóc cá nhân,Beauty & Personal Care
sayhitothew,Huyen Phuong Nguyen,Mỹ phẩm,Beauty & Personal Care
sayhitothew,Huyen Phuong Nguyen,Thương mại điện tử (không dùng ứng dụng),Commerce & Review
sayhitothew,Huyen Phuong Nguyen,Tin tức và Giải trí,Entertainment
schannelvn,Schannelvn,Tin tức và Giải trí,Entertainment
seungthao,🇰🇷Seung Thảo🇻🇳,Làm đẹp và chăm sóc cá nhân,Beauty & Personal Care
seungthao,🇰🇷Seung Thảo🇻🇳,Mỹ phẩm,Beauty & Personal Care
seungthao,🇰🇷Seung Thảo🇻🇳,Thực phẩm và Đồ uống,Food & Beverage
seungthao,🇰🇷Seung Thảo🇻🇳,Tin tức và Giải trí,Entertainment
shengyucapcut,𝑺𝒉𝒆𝒏𝒈𝒀𝒖,May mặc & Phụ kiện,Fashion
shengyucapcut,𝑺𝒉𝒆𝒏𝒈𝒀𝒖,Phụ kiện quần áo,Fashion
soanhtran98,Soanh Tran,Chăm sóc da,Beauty & Personal Care
soanhtran98,Soanh Tran,Công nghệ & Đồ điện tử,Technology
soanhtran98,Soanh Tran,Làm đẹp và chăm sóc cá nhân,Beauty & Personal Care
soanhtran98,Soanh Tran,May mặc & Phụ kiện,Fashion
solai.28,solai,Chăm sóc da,Beauty & Personal Care
solai.28,solai,Công nghệ & Đồ điện tử,Technology
solai.28,solai,Làm đẹp và chăm sóc cá nhân,Beauty & Personal Care
solai.28,solai,Sức khỏe,Sports & Fitness
song.dao99,Song Đào,Chăm sóc miệng,Beauty & Personal Care
song.dao99,Song Đào,Làm đẹp và chăm sóc cá nhân,Beauty & Personal Care
song.dao99,Song Đào,Thương mại điện tử (không dùng ứng dụng),Commerce & Review
song.dao99,Song Đào,Thực phẩm và Đồ uống,Food & Beverage
sonhanma_scl,Sơn Hanma 👹👾👹,Thể thao và Hoạt động ngoài trời,Sports & Fitness
sonlocchanel1,sonlocchanel,Cải tạo nhà cửa,Home & Living
sonlocchanel1,sonlocchanel,Sản phẩm gia dụng,Home & Living
sonlocchanel1,sonlocchanel,Thương mại điện tử (không dùng ứng dụng),Commerce & Review
sontrinhtrinh,Trình Trình,Làm đẹp và chăm sóc cá nhân,Beauty & Personal Care
sontrinhtrinh,Trình Trình,Sản phẩm chăm sóc cá nhân và làm đẹp khác,Beauty & Personal Care
sontrinhtrinh,Trình Trình,Tin tức và Giải trí,Entertainment
sophia.beauty99,Thuỷ Sophia,Làm đẹp và chăm sóc cá nhân,Beauty & Personal Care
sophia.beauty99,Thuỷ Sophia,Sản phẩm chăm sóc cá nhân và làm đẹp khác,Beauty & Personal Care
sophia.beauty99,Thuỷ Sophia,Thương mại điện tử (không dùng ứng dụng),Commerce & Review
sophia.beauty99,Thuỷ Sophia,Thực phẩm và Đồ uống,Food & Beverage
spicykim9386,Spicy Kim,Thực phẩm và Đồ uống,Food & Beverage
starletste_official,STARLETSTE ⭐️,Tin tức và Giải trí,Entertainment
starletste_official,STARLETSTE ⭐️,Ứng dụng,Technology
stelladay13,STELLA DAY 13,Game,Gaming
stelladay13,STELLA DAY 13,Thực phẩm và Đồ uống,Food & Beverage
stsonthach,ST Sơn Thạch,Tin tức và Giải trí,Entertainment
sudauto,Su Đầu To,Thương mại điện tử (không dùng ứng dụng),Commerce & Review
sukanenobita,Suka🧸,May mặc & Phụ kiện,Fashion
sukanenobita,Suka🧸,Thương mại điện tử (không dùng ứng dụng),Commerce & Review
sukanenobita,Suka🧸,Thực phẩm và Đồ uống,Food & Beverage
sukanenobita,Suka🧸,Trang phục và phụ kiện khác,Fashion
sunflizme,DƯƠNG JIN,Làm đẹp và chăm sóc cá nhân,Beauty & Personal Care
sunflizme,DƯƠNG JIN,Sản phẩm chăm sóc cá nhân và làm đẹp khác,Beauty & Personal Care
sunflizme,DƯƠNG JIN,Thương mại điện tử (không dùng ứng dụng),Commerce & Review
sunflizme,DƯƠNG JIN,Thực phẩm và Đồ uống,Food & Beverage
sunseeshowbiz,SUNSEEshowbiz,Tin tức và Giải trí,Entertainment
tacongbang2000,TẠ CÔNG BẰNG,May mặc & Phụ kiện,Fashion
tacongbang2000,TẠ CÔNG BẰNG,Thiết bị,Technology
tacongbang2000,TẠ CÔNG BẰNG,Tin tức và Giải trí,Entertainment
tacongbang2000,TẠ CÔNG BẰNG,Trang phục và phụ kiện khác,Fashion
tai2701,Nguyễn Văn Tài,Tin tức và Giải trí,Entertainment
tannguyenchungkhoangfb,Tần Nguyễn,Tin tức và Giải trí,Entertainment
tantan_ponpon,Tan Pon,Dưỡng tóc,Beauty & Personal Care
tantan_ponpon,Tan Pon,Làm đẹp và chăm sóc cá nhân,Beauty & Personal Care
tat_106,Thư Thor ᐢ. .ᐢ,Thương mại điện tử (không dùng ứng dụng),Commerce & Review
tat_106,Thư Thor ᐢ. .ᐢ,Tin tức và Giải trí,Entertainment
tetote.official,te tò te,Làm đẹp và chăm sóc cá nhân,Beauty & Personal Care
tetote.official,te tò te,Sản phẩm chăm sóc cá nhân và làm đẹp khác,Beauty & Personal Care
tetote.official,te tò te,Tin tức và Giải trí,Entertainment
tetote.official,te tò te,Ứng dụng,Technology
thaido1254,Thái Độ,Làm đẹp và chăm sóc cá nhân,Beauty & Personal Care
thaido1254,Thái Độ,Nước hoa,Beauty & Personal Care
thaido1254,Thái Độ,Thương mại điện tử (không dùng ứng dụng),Commerce & Review
thaido1254,Thái Độ,Ứng dụng,Technology
thambip_2k,Dương Hồng Thắm 🐳,Làm đẹp và chăm sóc cá nhân,Beauty & Personal Care
thambip_2k,Dương Hồng Thắm 🐳,Sản phẩm chăm sóc cá nhân và làm đẹp khác,Beauty & Personal Care
thambip_2k,Dương Hồng Thắm 🐳,Sản phẩm gia dụng,Home & Living
thambip_2k,Dương Hồng Thắm 🐳,Tin tức và Giải trí,Entertainment
thangmucbang,Thắng Múc Bang,Thực phẩm và Đồ uống,Food & Beverage
thangmucbang,Thắng Múc Bang,Tin tức và Giải trí,Entertainment
thanhmeo.18,Thanh Mèo,Dưỡng tóc,Beauty & Personal Care
thanhmeo.18,Thanh Mèo,Dịch vụ đời sống,Lifestyle
thanhmeo.18,Thanh Mèo,Game,Gaming
thanhmeo.18,Thanh Mèo,Làm đẹp và chăm sóc cá nhân,Beauty & Personal Care
thanhnamlx93,Phan Thành Nam,Công nghệ & Đồ điện tử,Technology
thanhnamlx93,Phan Thành Nam,Sản phẩm gia dụng,Home & Living
thanhnamlx93,Phan Thành Nam,Thiết bị,Technology
thanhthao15.03,Nguyễn Thanh Thảo 🐰,Chăm sóc da,Beauty & Personal Care
thanhthao15.03,Nguyễn Thanh Thảo 🐰,Game,Gaming
thanhthao15.03,Nguyễn Thanh Thảo 🐰,Làm đẹp và chăm sóc cá nhân,Beauty & Personal Care
thanhthao15.03,Nguyễn Thanh Thảo 🐰,May mặc & Phụ kiện,Fashion
thanhtuyendaily,Thanh Tuyền Daily 🔥,Chăm sóc da,Beauty & Personal Care
thanhtuyendaily,Thanh Tuyền Daily 🔥,Làm đẹp và chăm sóc cá nhân,Beauty & Personal Care
thanhtuyendaily,Thanh Tuyền Daily 🔥,Thực phẩm và Đồ uống,Food & Beverage
thaodangyeuuu04,NTヽMèoSợYêu❀,Dưỡng tóc,Beauty & Personal Care
thaodangyeuuu04,NTヽMèoSợYêu❀,Làm đẹp và chăm sóc cá nhân,Beauty & Personal Care
thaodangyeuuu04,NTヽMèoSợYêu❀,Sức khỏe,Sports & Fitness
thaohoang2405,Gọi Tui Là Taho 🍳,Làm đẹp và chăm sóc cá nhân,Beauty & Personal Care
thaohoang2405,Gọi Tui Là Taho 🍳,Mỹ phẩm,Beauty & Personal Care
thaohoang2405,Gọi Tui Là Taho 🍳,Thiết bị,Technology
thaohoang2405,Gọi Tui Là Taho 🍳,Thương mại điện tử (không dùng ứng dụng),Commerce & Review
theanh28entertainment,Theanh28 Entertainment,Làm đẹp và chăm sóc cá nhân,Beauty & Personal Care
theanh28entertainment,Theanh28 Entertainment,Sản phẩm chăm sóc cá nhân và làm đẹp khác,Beauty & Personal Care
theanh28entertainment,Theanh28 Entertainment,Sản phẩm gia dụng,Home & Living
theanh28entertainment,Theanh28 Entertainment,Thiết bị,Technology
theanh28funfact,THEANH28 FUNFACT,Làm đẹp và chăm sóc cá nhân,Beauty & Personal Care
theanh28funfact,THEANH28 FUNFACT,Sản phẩm chăm sóc cá nhân và làm đẹp khác,Beauty & Personal Care
theanh28funfact,THEANH28 FUNFACT,Thương mại điện tử (không dùng ứng dụng),Commerce & Review
theanh28funfact,THEANH28 FUNFACT,Thực phẩm và Đồ uống,Food & Beverage
theanh28gaming,Theanh28 Gaming,Dịch vụ đời sống,Lifestyle
theanh28gaming,Theanh28 Gaming,Game,Gaming
theanh28gaming,Theanh28 Gaming,Làm đẹp và chăm sóc cá nhân,Beauty & Personal Care
theanh28gaming,Theanh28 Gaming,Tóc giả và tạo kiểu tóc,Beauty & Personal Care
theanh28trending,THEANH28 TRENDING,Làm đẹp và chăm sóc cá nhân,Beauty & Personal Care
theanh28trending,THEANH28 TRENDING,May mặc & Phụ kiện,Fashion
theanh28trending,THEANH28 TRENDING,Thực phẩm và Đồ uống,Food & Beverage
theanh28trending,THEANH28 TRENDING,Tóc giả và tạo kiểu tóc,Beauty & Personal Care
theforumcenter,Huy Forum,Giáo dục,Education & Science
theforumcenter,Huy Forum,Tin tức và Giải trí,Entertainment
thengneee,Trần Đức Thắng,Game,Gaming
thichhuongg,ThíchHương,Chăm sóc miệng,Beauty & Personal Care
thichhuongg,ThíchHương,Làm đẹp và chăm sóc cá nhân,Beauty & Personal Care
thichhuongg,ThíchHương,Tin tức và Giải trí,Entertainment
thichhuongg,ThíchHương,Ứng dụng,Technology
thienshitv,ThiênShiTV,Tin tức và Giải trí,Entertainment
thienshitv,ThiênShiTV,Ứng dụng,Technology
thinhung99,Thị Nhung,Chăm sóc da,Beauty & Personal Care
thinhung99,Thị Nhung,Làm đẹp và chăm sóc cá nhân,Beauty & Personal Care
thinhung99,Thị Nhung,Sản phẩm gia dụng,Home & Living
thinhung99,Thị Nhung,Thực phẩm và Đồ uống,Food & Beverage
thouthou_vanila,Thou Bị Cháy🔥🔥🔥,Chăm sóc da,Beauty & Personal Care
thouthou_vanila,Thou Bị Cháy🔥🔥🔥,Làm đẹp và chăm sóc cá nhân,Beauty & Personal Care
thouthou_vanila,Thou Bị Cháy🔥🔥🔥,Tin tức và Giải trí,Entertainment
thouthou_vanila,Thou Bị Cháy🔥🔥🔥,Ứng dụng,Technology
thphuongvo,Thu Phương,Làm đẹp và chăm sóc cá nhân,Beauty & Personal Care
thphuongvo,Thu Phương,Mỹ phẩm,Beauty & Personal Care
thphuongvo,Thu Phương,Sức khỏe,Sports & Fitness
thphuongvo,Thu Phương,Thương mại điện tử (không dùng ứng dụng),Commerce & Review
thu.kobito,Lộc Ánh Thu,Thực phẩm và Đồ uống,Food & Beverage
thu.kobito,Lộc Ánh Thu,Tin tức và Giải trí,Entertainment
thu.wibu98,Thư Wibu 🎀,Chăm sóc da,Beauty & Personal Care
thu.wibu98,Thư Wibu 🎀,Làm đẹp và chăm sóc cá nhân,Beauty & Personal Care
thucmin98,Nguyễn Công Thức,Thương mại điện tử (không dùng ứng dụng),Commerce & Review
thunglongfamily,Thủng Long Family (TLF),Làm đẹp và chăm sóc cá nhân,Beauty & Personal Care
thunglongfamily,Thủng Long Family (TLF),Mẹ & Bé,Family & Relationship
thunglongfamily,Thủng Long Family (TLF),Sản phẩm chăm sóc cá nhân và làm đẹp khác,Beauty & Personal Care
thunglongfamily,Thủng Long Family (TLF),Thực phẩm và Đồ uống,Food & Beverage
thuuyen1402,Nông Thị Thu Uyên,Chăm sóc da,Beauty & Personal Care
thuuyen1402,Nông Thị Thu Uyên,Làm đẹp và chăm sóc cá nhân,Beauty & Personal Care
thuuyen1402,Nông Thị Thu Uyên,May mặc & Phụ kiện,Fashion
thuuyen1402,Nông Thị Thu Uyên,Sản phẩm gia dụng,Home & Living
thuycoluong,ThuyCoLuong 💎,Chăm sóc da,Beauty & Personal Care
thuycoluong,ThuyCoLuong 💎,Dịch vụ kinh doanh,Business & Finance
thuycoluong,ThuyCoLuong 💎,Làm đẹp và chăm sóc cá nhân,Beauty & Personal Care
thuycoluong,ThuyCoLuong 💎,Tin tức và Giải trí,Entertainment
thuykieu_2802,Thúy Kiều,Làm đẹp và chăm sóc cá nhân,Beauty & Personal Care
thuykieu_2802,Thúy Kiều,May mặc & Phụ kiện,Fashion
thuykieu_2802,Thúy Kiều,Sản phẩm chăm sóc cá nhân và làm đẹp khác,Beauty & Personal Care
thuykieu_2802,Thúy Kiều,Sản phẩm gia dụng,Home & Living
thuykieu_2802,Thúy Kiều,Trang phục và phụ kiện khác,Fashion
thuyle2000,Thụy Lê,Thiết bị,Technology
thuyle2000,Thụy Lê,Thực phẩm và Đồ uống,Food & Beverage
tiencabuu,Tiên Cà Bu,May mặc & Phụ kiện,Fashion
tiencabuu,Tiên Cà Bu,Trang phục và phụ kiện khác,Fashion
tieumanthaune,Tiểu Màn Thầu,Thực phẩm và Đồ uống,Food & Beverage
tieumanthaune,Tiểu Màn Thầu,Ứng dụng,Technology
tieuminhphungne,Tiêu Minh Phụng,Làm đẹp và chăm sóc cá nhân,Beauty & Personal Care
tieuminhphungne,Tiêu Minh Phụng,Sản phẩm chăm sóc cá nhân và làm đẹp khác,Beauty & Personal Care
tieuminhphungne,Tiêu Minh Phụng,Tin tức và Giải trí,Entertainment
tieungao1907,Tiểuu Ngáoo,Chăm sóc da,Beauty & Personal Care
tieungao1907,Tiểuu Ngáoo,Làm đẹp và chăm sóc cá nhân,Beauty & Personal Care
tieungao1907,Tiểuu Ngáoo,Sức khỏe,Sports & Fitness
tieungao1907,Tiểuu Ngáoo,Tin tức và Giải trí,Entertainment
tieungocbuofficial,Tieu Ngoc,Chăm sóc da,Beauty & Personal Care
tieungocbuofficial,Tieu Ngoc,Làm đẹp và chăm sóc cá nhân,Beauty & Personal Care
tieungocbuofficial,Tieu Ngoc,Sức khỏe,Sports & Fitness
tieungocbuofficial,Tieu Ngoc,Thương mại điện tử (không dùng ứng dụng),Commerce & Review
tin_nguyen_9,Tín Nguyễn,Chăm sóc da,Beauty & Personal Care
tin_nguyen_9,Tín Nguyễn,Làm đẹp và chăm sóc cá nhân,Beauty & Personal Care
tin_nguyen_9,Tín Nguyễn,Tin tức và Giải trí,Entertainment
tinathaothidaily,tinathaothidaily,Chăm sóc da,Beauty & Personal Care
tinathaothidaily,tinathaothidaily,Làm đẹp và chăm sóc cá nhân,Beauty & Personal Care
tinathaothidaily,tinathaothidaily,Tin tức và Giải trí,Entertainment
tinhnguyen241298,Tính Nguyễn,Làm đẹp và chăm sóc cá nhân,Beauty & Personal Care
tinhnguyen241298,Tính Nguyễn,Sản phẩm chăm sóc cá nhân và làm đẹp khác,Beauty & Personal Care
tinkhongh98,Anh Bar,Chăm sóc da,Beauty & Personal Care
tinkhongh98,Anh Bar,Cải tạo nhà cửa,Home & Living
tinkhongh98,Anh Bar,Làm đẹp và chăm sóc cá nhân,Beauty & Personal Care
tinkhongh98,Anh Bar,Thiết bị,Technology
tiuthoo,Tiêu Thố Đêyy,Làm đẹp và chăm sóc cá nhân,Beauty & Personal Care
tiuthoo,Tiêu Thố Đêyy,Sản phẩm chăm sóc cá nhân và làm đẹp khác,Beauty & Personal Care
tiuthoo,Tiêu Thố Đêyy,Tin tức và Giải trí,Entertainment
tnhadinh,Trương Nhã Dinh,Làm đẹp và chăm sóc cá nhân,Beauty & Personal Care
tnhadinh,Trương Nhã Dinh,Mỹ phẩm,Beauty & Personal Care
tnhadinh,Trương Nhã Dinh,Sức khỏe,Sports & Fitness
tnhadinh,Trương Nhã Dinh,Thực phẩm và Đồ uống,Food & Beverage
tocvang.hoe,Tóc Vàng hoe,Làm đẹp và chăm sóc cá nhân,Beauty & Personal Care
tocvang.hoe,Tóc Vàng hoe,Sản phẩm chăm sóc cá nhân và làm đẹp khác,Beauty & Personal Care
tocvang.hoe,Tóc Vàng hoe,Thương mại điện tử (không dùng ứng dụng),Commerce & Review
tocvang.hoe,Tóc Vàng hoe,Thực phẩm và Đồ uống,Food & Beverage
tofn.official,Trần Quốc Toàn,Chăm sóc da,Beauty & Personal Care
tofn.official,Trần Quốc Toàn,Làm đẹp và chăm sóc cá nhân,Beauty & Personal Care
tofn.official,Trần Quốc Toàn,Sản phẩm gia dụng,Home & Living
tofn.official,Trần Quốc Toàn,Sức khỏe,Sports & Fitness
tra.dang.904,☘️Trà Đặng☘️,Chăm sóc da,Beauty & Personal Care
tra.dang.904,☘️Trà Đặng☘️,Dịch vụ đời sống,Lifestyle
tra.dang.904,☘️Trà Đặng☘️,Làm đẹp và chăm sóc cá nhân,Beauty & Personal Care
tra.dang.904,☘️Trà Đặng☘️,Tin tức và Giải trí,Entertainment
tramdo.98,Trâm Đô,Làm đẹp và chăm sóc cá nhân,Beauty & Personal Care
tramdo.98,Trâm Đô,Sản phẩm chăm sóc cá nhân và làm đẹp khác,Beauty & Personal Care
tramdo.98,Trâm Đô,Sức khỏe,Sports & Fitness
tramdo.98,Trâm Đô,Thực phẩm và Đồ uống,Food & Beverage
trammoctb,Trâm Mốc,Thực phẩm và Đồ uống,Food & Beverage
tranbom.vcu,Trần Bơm,Tin tức và Giải trí,Entertainment
trang.beu11,Trang bếu,Làm đẹp và chăm sóc cá nhân,Beauty & Personal Care
trang.beu11,Trang bếu,May mặc & Phụ kiện,Fashion
trang.beu11,Trang bếu,Mỹ phẩm,Beauty & Personal Care
trang.beu11,Trang bếu,Tin tức và Giải trí,Entertainment
trang_xinh86,Thủy Trang,Dịch vụ kinh doanh,Business & Finance
trang_xinh86,Thủy Trang,Sức khỏe,Sports & Fitness
trang_xinh86,Thủy Trang,Thực phẩm và Đồ uống,Food & Beverage
tranghy.1603,tranghy.1603,Tin tức và Giải trí,Entertainment
trangrung08,Trang Rừng 🤭🤭,Chăm sóc da,Beauty & Personal Care
trangrung08,Trang Rừng 🤭🤭,Làm đẹp và chăm sóc cá nhân,Beauty & Personal Care
trangrung08,Trang Rừng 🤭🤭,Thương mại điện tử (không dùng ứng dụng),Commerce & Review
trangrung08,Trang Rừng 🤭🤭,Tin tức và Giải trí,Entertainment
trangtam2607,Trang Tấm,Thương mại điện tử (không dùng ứng dụng),Commerce & Review
trangtam2607,Trang Tấm,Thực phẩm và Đồ uống,Food & Beverage
trangtrang1402206,Chang ngố 🥦,Chăm sóc da,Beauty & Personal Care
trangtrang1402206,Chang ngố 🥦,Làm đẹp và chăm sóc cá nhân,Beauty & Personal Care
tranngocphuongmai,Trần Ngọc Phương Mai,Sức khỏe,Sports & Fitness
trannhattan4,Trần Nhật Tân,May mặc & Phụ kiện,Fashion
trannhattan4,Trần Nhật Tân,Tin tức và Giải trí,Entertainment
trannhattan4,Trần Nhật Tân,Trang phục và phụ kiện khác,Fashion
trantrung2000,Trần Trung,Thương mại điện tử (không dùng ứng dụng),Commerce & Review
tranxinh1101,Trần Xuân Quế Trân PDA,Chăm sóc da,Beauty & Personal Care
tranxinh1101,Trần Xuân Quế Trân PDA,Làm đẹp và chăm sóc cá nhân,Beauty & Personal Care
tranxinh1101,Trần Xuân Quế Trân PDA,May mặc & Phụ kiện,Fashion
tranxinh1101,Trần Xuân Quế Trân PDA,Ứng dụng,Technology
travaminhh,Chà và Minh,Sản phẩm gia dụng,Home & Living
travaminhh,Chà và Minh,Sức khỏe,Sports & Fitness
travaminhh,Chà và Minh,Thiết bị,Technology
trien.13,TRIỂN CHILL,Chăm sóc da,Beauty & Personal Care
trien.13,TRIỂN CHILL,Làm đẹp và chăm sóc cá nhân,Beauty & Personal Care
trinhle1707,Lê Trinh,Chăm sóc da,Beauty & Personal Care
trinhle1707,Lê Trinh,Làm đẹp và chăm sóc cá nhân,Beauty & Personal Care
trinhle1707,Lê Trinh,Sức khỏe,Sports & Fitness
trinhle1707,Lê Trinh,Thương mại điện tử (không dùng ứng dụng),Commerce & Review
troxlacci,Trox & Lacci,Làm đẹp và chăm sóc cá nhân,Beauty & Personal Care
troxlacci,Trox & Lacci,Nước hoa,Beauty & Personal Care
troxlacci,Trox & Lacci,Thực phẩm và Đồ uống,Food & Beverage
troxlacci,Trox & Lacci,Tin tức và Giải trí,Entertainment
truki2002,Truki,Game,Gaming
truongdinhhoangboxing,Trương Đình Hoàng,Thể thao và Hoạt động ngoài trời,Sports & Fitness
truongdinhhoangboxing,Trương Đình Hoàng,Tin tức và Giải trí,Entertainment
truonghaicutephomaique,cà chua di động 🤡🍅,Làm đẹp và chăm sóc cá nhân,Beauty & Personal Care
truonghaicutephomaique,cà chua di động 🤡🍅,May mặc & Phụ kiện,Fashion
truonghaicutephomaique,cà chua di động 🤡🍅,Sản phẩm chăm sóc cá nhân và làm đẹp khác,Beauty & Personal Care
truonghaicutephomaique,cà chua di động 🤡🍅,Trang phục và phụ kiện khác,Fashion
ttruc.__,lạnh lùng nhất tiktok,Làm đẹp và chăm sóc cá nhân,Beauty & Personal Care
ttruc.__,lạnh lùng nhất tiktok,Mỹ phẩm,Beauty & Personal Care
ttruc.__,lạnh lùng nhất tiktok,Thương mại điện tử (không dùng ứng dụng),Commerce & Review
ttruc.__,lạnh lùng nhất tiktok,Tin tức và Giải trí,Entertainment
ttveres,Tổng Thống Veres,Ứng dụng,Technology
tuankiet.2000,Kiệt Hà Tịnh,Làm đẹp và chăm sóc cá nhân,Beauty & Personal Care
tuankiet.2000,Kiệt Hà Tịnh,Nước hoa,Beauty & Personal Care
tuankiet.2000,Kiệt Hà Tịnh,Sản phẩm gia dụng,Home & Living
tuankiet.2000,Kiệt Hà Tịnh,Tin tức và Giải trí,Entertainment
tuanmo.official,Tuấn Mõ,Chăm sóc miệng,Beauty & Personal Care
tuanmo.official,Tuấn Mõ,Làm đẹp và chăm sóc cá nhân,Beauty & Personal Care
tuanmo.official,Tuấn Mõ,Tin tức và Giải trí,Entertainment
tuanngocday,Tuấn Ngọc đây!,Công nghệ & Đồ điện tử,Technology
tuanngocday,Tuấn Ngọc đây!,Dịch vụ đời sống,Lifestyle
tuanngocday,Tuấn Ngọc đây!,Thiết bị,Technology
tuantudo86,"Tuấn ""Tự Do""",Dịch vụ kinh doanh,Business & Finance
tuantudo86,"Tuấn ""Tự Do""",Sản phẩm gia dụng,Home & Living
tuilagray,🐜 ĐẶNG THÁI gray,Chăm sóc da,Beauty & Personal Care
tuilagray,🐜 ĐẶNG THÁI gray,Làm đẹp và chăm sóc cá nhân,Beauty & Personal Care
tuilagray,🐜 ĐẶNG THÁI gray,Thương mại điện tử (không dùng ứng dụng),Commerce & Review
tuilagray,🐜 ĐẶNG THÁI gray,Ứng dụng,Technology
tuongvyy,Tường Vyy ( Vê Vê ),Chăm sóc da,Beauty & Personal Care
tuongvyy,Tường Vyy ( Vê Vê ),Làm đẹp và chăm sóc cá nhân,Beauty & Personal Care
tuongvyy,Tường Vyy ( Vê Vê ),Mẹ & Bé,Family & Relationship
tuquy2ne,TỨ QUÝ 2,Làm đẹp và chăm sóc cá nhân,Beauty & Personal Care
tuquy2ne,TỨ QUÝ 2,Sản phẩm chăm sóc cá nhân và làm đẹp khác,Beauty & Personal Care
tuquy2ne,TỨ QUÝ 2,Ứng dụng,Technology
tuyen_13203,Thanh Tuyền_🥟,Chăm sóc da,Beauty & Personal Care
tuyen_13203,Thanh Tuyền_🥟,Làm đẹp và chăm sóc cá nhân,Beauty & Personal Care
tuyenxutv,Tuyền Xu TV,Dịch vụ đời sống,Lifestyle
tuyenxutv,Tuyền Xu TV,Game,Gaming
tuyenxutv,Tuyền Xu TV,Ứng dụng,Technology
tycutelacloi,đẹp và tàn nhẫn,Làm đẹp và chăm sóc cá nhân,Beauty & Personal Care
tycutelacloi,đẹp và tàn nhẫn,Nước hoa,Beauty & Personal Care
ugnyl,ugnyl,Làm đẹp và chăm sóc cá nhân,Beauty & Personal Care
ugnyl,ugnyl,Mỹ phẩm,Beauty & Personal Care
uyenciu_157,UyênCiuTV🐣,Game,Gaming
uyenciu_157,UyênCiuTV🐣,Ứng dụng,Technology
uyph1008,Huy hạt nhài,Chăm sóc da,Beauty & Personal Care
uyph1008,Huy hạt nhài,Làm đẹp và chăm sóc cá nhân,Beauty & Personal Care
uyph1008,Huy hạt nhài,Sức khỏe,Sports & Fitness
uyph1008,Huy hạt nhài,Tin tức và Giải trí,Entertainment
vananhneymar,Văn Anh Neymar,Tin tức và Giải trí,Entertainment
vangiau.07,Nguyễn Văn Giàu,Tin tức và Giải trí,Entertainment
vanmiu_beauty,Vanmiu Beauty,Chăm sóc da,Beauty & Personal Care
vanmiu_beauty,Vanmiu Beauty,Giáo dục,Education & Science
vanmiu_beauty,Vanmiu Beauty,Làm đẹp và chăm sóc cá nhân,Beauty & Personal Care
vbiznews,Tin Tức Showbiz,Game,Gaming
vdhiep2k1,Vũ Hiệp bí content,Game,Gaming
vdhiep2k1,Vũ Hiệp bí content,Làm đẹp và chăm sóc cá nhân,Beauty & Personal Care
vdhiep2k1,Vũ Hiệp bí content,Nước hoa,Beauty & Personal Care
vdhiep2k1,Vũ Hiệp bí content,Thương mại điện tử (không dùng ứng dụng),Commerce & Review
vgttv,VGT TV - Giải Trí,Thực phẩm và Đồ uống,Food & Beverage
vgttv,VGT TV - Giải Trí,Tin tức và Giải trí,Entertainment
vickiee.bae,Vic 🤍,Chăm sóc da,Beauty & Personal Care
vickiee.bae,Vic 🤍,Làm đẹp và chăm sóc cá nhân,Beauty & Personal Care
vickiee.bae,Vic 🤍,Sức khỏe,Sports & Fitness
vickiee.bae,Vic 🤍,Tin tức và Giải trí,Entertainment
vienvibi_899,Viên Vibi,Dịch vụ kinh doanh,Business & Finance
vienvibi_899,Viên Vibi,Dịch vụ đời sống,Lifestyle
vienvibi_899,Viên Vibi,Thực phẩm và Đồ uống,Food & Beverage
vietanhpipo_,Butin đang tắm,Thú cưng,Pets & Animals
vinhthichanngon,Vĩnh Thích Ăn Ngon,Thực phẩm và Đồ uống,Food & Beverage
virussvn,ViruSs,Thương mại điện tử (không dùng ứng dụng),Commerce & Review
virussvn,ViruSs,Tin tức và Giải trí,Entertainment
vitammyn_133,Tammy Phạm 🐰,Chăm sóc da,Beauty & Personal Care
vitammyn_133,Tammy Phạm 🐰,Làm đẹp và chăm sóc cá nhân,Beauty & Personal Care
vixu.official,𝓥𝓲 𝓧𝓾 🌹,Chăm sóc da,Beauty & Personal Care
vixu.official,𝓥𝓲 𝓧𝓾 🌹,Làm đẹp và chăm sóc cá nhân,Beauty & Personal Care
vixu.official,𝓥𝓲 𝓧𝓾 🌹,Thương mại điện tử (không dùng ứng dụng),Commerce & Review
vixu.official,𝓥𝓲 𝓧𝓾 🌹,Tin tức và Giải trí,Entertainment
vlive.dienanh,Vlive Điện Ảnh,Game,Gaming
vlive.sports,Vlive Sports,Game,Gaming
vnexpress.official,VnExpress.net,Sức khỏe,Sports & Fitness
vnexpress.official,VnExpress.net,Tin tức và Giải trí,Entertainment
vokieuvansinger,VÕ KIỀU VÂN,Làm đẹp và chăm sóc cá nhân,Beauty & Personal Care
vokieuvansinger,VÕ KIỀU VÂN,Nước hoa,Beauty & Personal Care
vokieuvansinger,VÕ KIỀU VÂN,Sức khỏe,Sports & Fitness
vokieuvansinger,VÕ KIỀU VÂN,Tin tức và Giải trí,Entertainment
vsorl0602,Vinh Trần🍀,Công nghệ & Đồ điện tử,Technology
vsorl0602,Vinh Trần🍀,Làm đẹp và chăm sóc cá nhân,Beauty & Personal Care
vsorl0602,Vinh Trần🍀,Nước hoa,Beauty & Personal Care
vsorl0602,Vinh Trần🍀,Ứng dụng,Technology
vtvcab.dienanh.onlive,VTVcab Điện ảnh,Game,Gaming
vtvcab.sports,VTVcab Sports,Game,Gaming
vu.thinh.1009,Vũ Thịnh,Tin tức và Giải trí,Entertainment
vugiahieu99,Vũ Gia Hiếu,Làm đẹp và chăm sóc cá nhân,Beauty & Personal Care
vugiahieu99,Vũ Gia Hiếu,May mặc & Phụ kiện,Fashion
vugiahieu99,Vũ Gia Hiếu,Mỹ phẩm,Beauty & Personal Care
vuong_hongyen,Vương Hồng Yên,Thực phẩm và Đồ uống,Food & Beverage
vuong_hongyen,Vương Hồng Yên,Tin tức và Giải trí,Entertainment
vuongkhanh0305,Vương Khánh,Dịch vụ đời sống,Lifestyle
vuongkhanh0305,Vương Khánh,Thiết bị,Technology
vuongkhanh0305,Vương Khánh,Tin tức và Giải trí,Entertainment
vuongphamyoutuber,Vương Phạm Fastboy,Tin tức và Giải trí,Entertainment
whynotchaooo,Chao,Chăm sóc da,Beauty & Personal Care
whynotchaooo,Chao,Làm đẹp và chăm sóc cá nhân,Beauty & Personal Care
whynotchaooo,Chao,Thương mại điện tử (không dùng ứng dụng),Commerce & Review
whynotchaooo,Chao,Tin tức và Giải trí,Entertainment
withduong,DƯƠNG VŨ,Giày nam,Fashion
withduong,DƯƠNG VŨ,May mặc & Phụ kiện,Fashion
withduong,DƯƠNG VŨ,Tin tức và Giải trí,Entertainment
xiem_123,Xiểm Vi Lốc,Chăm sóc da,Beauty & Personal Care
xiem_123,Xiểm Vi Lốc,Làm đẹp và chăm sóc cá nhân,Beauty & Personal Care
xiem_123,Xiểm Vi Lốc,May mặc & Phụ kiện,Fashion
xiem_123,Xiểm Vi Lốc,Thực phẩm và Đồ uống,Food & Beverage
xoaifam,Xoài Fam,Làm đẹp và chăm sóc cá nhân,Beauty & Personal Care
xoaifam,Xoài Fam,Mẹ & Bé,Family & Relationship
xoaifam,Xoài Fam,Sản phẩm chăm sóc cá nhân và làm đẹp khác,Beauty & Personal Care
xoaifam,Xoài Fam,Thương mại điện tử (không dùng ứng dụng),Commerce & Review
xuannhichan,Xuân Nhi Chan,Game,Gaming
xxtienvu,Tien Vu,Ứng dụng,Technology
yangiryna,Iryna Yang,Game,Gaming
yangiryna,Iryna Yang,Thực phẩm và Đồ uống,Food & Beverage
yangiryna,Iryna Yang,Ứng dụng,Technology
yanpink98,Yanpink,Chăm sóc da,Beauty & Personal Care
yanpink98,Yanpink,Làm đẹp và chăm sóc cá nhân,Beauty & Personal Care
yantv.yandigital,YAN TV,Làm đẹp và chăm sóc cá nhân,Beauty & Personal Care
yantv.yandigital,YAN TV,Mỹ phẩm,Beauty & Personal Care
yayathao,| Y A Y A T H Ả O |,Sản phẩm gia dụng,Home & Living
yayathao,| Y A Y A T H Ả O |,Sức khỏe,Sports & Fitness
yayathao,| Y A Y A T H Ả O |,Thực phẩm và Đồ uống,Food & Beverage
yen.hoang_,Yến Hoàng ✨,Làm đẹp và chăm sóc cá nhân,Beauty & Personal Care
yen.hoang_,Yến Hoàng ✨,Sản phẩm chăm sóc cá nhân và làm đẹp khác,Beauty & Personal Care
yen.hoang_,Yến Hoàng ✨,Thương mại điện tử (không dùng ứng dụng),Commerce & Review
yen.hoang_,Yến Hoàng ✨,Tin tức và Giải trí,Entertainment
yennhuwww,Yến Như,Chăm sóc da,Beauty & Personal Care
yennhuwww,Yến Như,Làm đẹp và chăm sóc cá nhân,Beauty & Personal Care
yennhuwww,Yến Như,Thương mại điện tử (không dùng ứng dụng),Commerce & Review
yennhuwww,Yến Như,Tin tức và Giải trí,Entertainment
yenthichanvat,Yến thích ăn vặt,Thực phẩm và Đồ uống,Food & Beverage
yenthichanvat,Yến thích ăn vặt,Tin tức và Giải trí,Entertainment
yeutiengthai,🌿Cát Ngọc,Thiết bị,Technology
yeutiengthai,🌿Cát Ngọc,Thương mại điện tử (không dùng ứng dụng),Commerce & Review
yeutiengthai,🌿Cát Ngọc,Tin tức và Giải trí,Entertainment
yona.224,Yona Cươn,Sản phẩm gia dụng,Home & Living
ytedoisong.vn,Y Tế & Đời Sống,Cải tạo nhà cửa,Home & Living
ytedoisong.vn,Y Tế & Đời Sống,Thương mại điện tử (không dùng ứng dụng),Commerce & Review
ytedoisong.vn,Y Tế & Đời Sống,Tin tức và Giải trí,Entertainment
yuni_cabral,Yuni Boo🍓(Bé Dâu ),Tin tức và Giải trí,Entertainment
zicky.lee,Zicky Lee 🫦,Làm đẹp và chăm sóc cá nhân,Beauty & Personal Care
zicky.lee,Zicky Lee 🫦,May mặc & Phụ kiện,Fashion
zicky.lee,Zicky Lee 🫦,Sản phẩm chăm sóc cá nhân và làm đẹp khác,Beauty & Personal Care
zicky.lee,Zicky Lee 🫦,Thương mại điện tử (không dùng ứng dụng),Commerce & Review
zicky.lee,Zicky Lee 🫦,Trang phục và phụ kiện khác,Fashion
zio.b99,Zio.B,Làm đẹp và chăm sóc cá nhân,Beauty & Personal Care
zio.b99,Zio.B,Sản phẩm vệ sinh phụ nữ,Beauty & Personal Care
zixinhdep,Zika_hila😈,Làm đẹp và chăm sóc cá nhân,Beauty & Personal Care
zixinhdep,Zika_hila😈,May mặc & Phụ kiện,Fashion
zixinhdep,Zika_hila😈,Phụ kiện quần áo,Fashion
zixinhdep,Zika_hila😈,Tin tức và Giải trí,Entertainment
